#
# There is insufficient memory for the Java Runtime Environment to continue.
# Native memory allocation (malloc) failed to allocate 652336 bytes for Chunk::new
# Possible reasons:
#   The system is out of physical RAM or swap space
#   The process is running with CompressedOops enabled, and the Java Heap may be blocking the growth of the native heap
# Possible solutions:
#   Reduce memory load on the system
#   Increase physical memory or swap space
#   Check if swap backing store is full
#   Decrease Java heap size (-Xmx/-Xms)
#   Decrease number of Java threads
#   Decrease Java thread stack sizes (-Xss)
#   Set larger code cache with -XX:ReservedCodeCacheSize=
#   JVM is running with Zero Based Compressed Oops mode in which the Java heap is
#     placed in the first 32GB address space. The Java Heap base address is the
#     maximum limit for the native heap growth. Please use -XX:HeapBaseMinAddress
#     to set the Java Heap base and to place the Java Heap above 32GB virtual address.
# This output file may be truncated or incomplete.
#
#  Out of Memory Error (arena.cpp:168), pid=18608, tid=14340
#
# JRE version: Java(TM) SE Runtime Environment (21.0.9+7) (build 21.0.9+7-LTS-338)
# Java VM: Java HotSpot(TM) 64-Bit Server VM (21.0.9+7-LTS-338, mixed mode, sharing, tiered, compressed oops, compressed class ptrs, g1 gc, windows-amd64)
# No core dump will be written. Minidumps are not enabled by default on client versions of Windows
#

---------------  S U M M A R Y ------------

Command Line: --add-opens=java.base/java.lang=ALL-UNNAMED --add-opens=java.base/java.lang.invoke=ALL-UNNAMED --add-opens=java.base/java.util=ALL-UNNAMED --add-opens=java.prefs/java.util.prefs=ALL-UNNAMED --add-exports=jdk.compiler/com.sun.tools.javac.api=ALL-UNNAMED --add-exports=jdk.compiler/com.sun.tools.javac.util=ALL-UNNAMED --add-opens=java.base/java.util=ALL-UNNAMED --add-opens=java.prefs/java.util.prefs=ALL-UNNAMED --add-opens=java.base/java.nio.charset=ALL-UNNAMED --add-opens=java.base/java.net=ALL-UNNAMED --add-opens=java.base/java.util.concurrent.atomic=ALL-UNNAMED --add-opens=java.xml/javax.xml.namespace=ALL-UNNAMED -XX:MaxMetaspaceSize=4G -XX:ReservedCodeCacheSize=512m -XX:+HeapDumpOnOutOfMemoryError -Xmx8G -Dfile.encoding=UTF-8 -Duser.country=US -Duser.language=en -Duser.variant -javaagent:C:\Users\nibin\.gradle\wrapper\dists\gradle-8.12-all\ejduaidbjup3bmmkhw3rie4zb\gradle-8.12\lib\agents\gradle-instrumentation-agent-8.12.jar org.gradle.launcher.daemon.bootstrap.GradleDaemon 8.12

Host: 11th Gen Intel(R) Core(TM) i5-11400H @ 2.70GHz, 12 cores, 7G,  Windows 11 , 64 bit Build 26100 (10.0.26100.7705)
Time: Tue Feb 17 13:02:29 2026 India Standard Time elapsed time: 145.538114 seconds (0d 0h 2m 25s)

---------------  T H R E A D  ---------------

Current thread (0x0000028add5bc9e0):  JavaThread "C2 CompilerThread0" daemon [_thread_in_native, id=14340, stack(0x000000cf6e800000,0x000000cf6e900000) (1024K)]


Current CompileTask:
C2: 145538 14520       4       java.lang.invoke.DelegatingMethodHandle::makeReinvokerForm (326 bytes)

Stack: [0x000000cf6e800000,0x000000cf6e900000]
Native frames: (J=compiled Java code, j=interpreted, Vv=VM code, C=native code)
V  [jvm.dll+0x6cbf89]
V  [jvm.dll+0x858421]
V  [jvm.dll+0x85a94e]
V  [jvm.dll+0x85b023]
V  [jvm.dll+0x27ebc6]
V  [jvm.dll+0xc4f4d]
V  [jvm.dll+0xc5483]
V  [jvm.dll+0x2f1f8d]
V  [jvm.dll+0x5f6cea]
V  [jvm.dll+0x2506d2]
V  [jvm.dll+0x248d54]
V  [jvm.dll+0x246b14]
V  [jvm.dll+0x1c7a3e]
V  [jvm.dll+0x256329]
V  [jvm.dll+0x2548ba]
V  [jvm.dll+0x3efdee]
V  [jvm.dll+0x80265b]
V  [jvm.dll+0x6ca66d]
C  [ucrtbase.dll+0x37b0]
C  [KERNEL32.DLL+0x2e8d7]
C  [ntdll.dll+0x8c40c]


---------------  P R O C E S S  ---------------

Threads class SMR info:
_java_thread_list=0x0000028b290459c0, length=164, elements={
0x0000028aa63f7d60, 0x0000028add59b9f0, 0x0000028add59cfc0, 0x0000028add5a06d0,
0x0000028add5a2270, 0x0000028add5a5850, 0x0000028add5a8e30, 0x0000028add5bc9e0,
0x0000028add5c4050, 0x0000028b23298280, 0x0000028b2331a810, 0x0000028b24c16d70,
0x0000028b24b046f0, 0x0000028b24cfea90, 0x0000028b24170060, 0x0000028b23226260,
0x0000028b2344bd60, 0x0000028b238491b0, 0x0000028b2384b9d0, 0x0000028b2384c6f0,
0x0000028b2384c060, 0x0000028b2384acb0, 0x0000028b2384cd80, 0x0000028b2384daa0,
0x0000028b2384e130, 0x0000028b2384b340, 0x0000028b25a51d50, 0x0000028b25a523e0,
0x0000028b25a51030, 0x0000028b25a53790, 0x0000028b25a53e20, 0x0000028b25a544b0,
0x0000028b25a54b40, 0x0000028b25a55ef0, 0x0000028b25a53100, 0x0000028b25a551d0,
0x0000028b25a55860, 0x0000028b25a52a70, 0x0000028b25a56580, 0x0000028b25a57fc0,
0x0000028b25a58650, 0x0000028b272f5a90, 0x0000028b272f74d0, 0x0000028b272f6120,
0x0000028b272f4050, 0x0000028b272f7b60, 0x0000028b272f46e0, 0x0000028b272fafe0,
0x0000028b272f8f10, 0x0000028b272f95a0, 0x0000028b272fb670, 0x0000028b272fa950,
0x0000028b272fa2c0, 0x0000028b272f81f0, 0x0000028b272f9c30, 0x0000028b272f8880,
0x0000028b23407f30, 0x0000028b234078a0, 0x0000028b23404ab0, 0x0000028b234085c0,
0x0000028b234064f0, 0x0000028b23405140, 0x0000028b23408c50, 0x0000028b23405e60,
0x0000028b23406b80, 0x0000028b23407210, 0x0000028b234057d0, 0x0000028b234092e0,
0x0000028b2340ad20, 0x0000028b2340b3b0, 0x0000028b2340ba40, 0x0000028b2340c0d0,
0x0000028b23409970, 0x0000028b2340a000, 0x0000028b2340a690, 0x0000028b25bf5210,
0x0000028b25bf3e60, 0x0000028b25bf8690, 0x0000028b25bf8d20, 0x0000028b25bf93b0,
0x0000028b25bf9a40, 0x0000028b25bf8000, 0x0000028b25bfb480, 0x0000028b25bfadf0,
0x0000028b25bfa0d0, 0x0000028b25bfa760, 0x0000028b283e0d90, 0x0000028b283e2140,
0x0000028b283e1ab0, 0x0000028b283e27d0, 0x0000028b283e2e60, 0x0000028b283e34f0,
0x0000028b283e3b80, 0x0000028b283e1420, 0x0000028b283e6970, 0x0000028b283e4f30,
0x0000028b283e55c0, 0x0000028b283e62e0, 0x0000028b283e7000, 0x0000028b283e48a0,
0x0000028b283e4210, 0x0000028b283e7d20, 0x0000028b283e83b0, 0x0000028b283e5c50,
0x0000028b283e7690, 0x0000028b28ddd8b0, 0x0000028b28ddc500, 0x0000028b28ddbe70,
0x0000028b28dde5d0, 0x0000028b28ddcb90, 0x0000028b28ddd220, 0x0000028b28ddec60,
0x0000028b28dddf40, 0x0000028b28ddb7e0, 0x0000028b28de0010, 0x0000028b28de06a0,
0x0000028b28de1a50, 0x0000028b28ddf980, 0x0000028b28de0d30, 0x0000028b28de13c0,
0x0000028b28de20e0, 0x0000028b28de2770, 0x0000028b28ddf2f0, 0x0000028b28de2e00,
0x0000028b27b99610, 0x0000028b27b9b6e0, 0x0000028b27b9b050, 0x0000028b27b9bd70,
0x0000028b27b9c400, 0x0000028b27b9ca90, 0x0000028b27b9d7b0, 0x0000028b27b9a330,
0x0000028b27b9de40, 0x0000028b27b9a9c0, 0x0000028b27b9e4d0, 0x0000028b27b9eb60,
0x0000028b27b9f1f0, 0x0000028b27b9f880, 0x0000028b24fb2300, 0x0000028b24fb2990,
0x0000028b24fb3020, 0x0000028b24fb3d40, 0x0000028b24fb43d0, 0x0000028b24fb6b30,
0x0000028b24fb36b0, 0x0000028b24fb71c0, 0x0000028b24fb7850, 0x0000028b24fb5e10,
0x0000028b24fb64a0, 0x0000028b24fb4a60, 0x0000028b24fb7ee0, 0x0000028b24fb8570,
0x0000028b24fb50f0, 0x0000028b24fb8c00, 0x0000028b24fb5780, 0x0000028b24fb9290,
0x0000028b24fb9920, 0x0000028b27b98260, 0x0000028b26da8d20, 0x0000028b26da8690,
0x0000028b26dabb10, 0x0000028b26dac1a0, 0x0000028b26dac830, 0x0000028b26da9a40
}

Java Threads: ( => current thread )
  0x0000028aa63f7d60 JavaThread "main"                              [_thread_blocked, id=15580, stack(0x000000cf6da00000,0x000000cf6db00000) (1024K)]
  0x0000028add59b9f0 JavaThread "Reference Handler"          daemon [_thread_blocked, id=3120, stack(0x000000cf6e200000,0x000000cf6e300000) (1024K)]
  0x0000028add59cfc0 JavaThread "Finalizer"                  daemon [_thread_blocked, id=3548, stack(0x000000cf6e300000,0x000000cf6e400000) (1024K)]
  0x0000028add5a06d0 JavaThread "Signal Dispatcher"          daemon [_thread_blocked, id=2372, stack(0x000000cf6e400000,0x000000cf6e500000) (1024K)]
  0x0000028add5a2270 JavaThread "Attach Listener"            daemon [_thread_blocked, id=19484, stack(0x000000cf6e500000,0x000000cf6e600000) (1024K)]
  0x0000028add5a5850 JavaThread "Service Thread"             daemon [_thread_blocked, id=1700, stack(0x000000cf6e600000,0x000000cf6e700000) (1024K)]
  0x0000028add5a8e30 JavaThread "Monitor Deflation Thread"   daemon [_thread_blocked, id=13076, stack(0x000000cf6e700000,0x000000cf6e800000) (1024K)]
=>0x0000028add5bc9e0 JavaThread "C2 CompilerThread0"         daemon [_thread_in_native, id=14340, stack(0x000000cf6e800000,0x000000cf6e900000) (1024K)]
  0x0000028add5c4050 JavaThread "C1 CompilerThread0"         daemon [_thread_blocked, id=4524, stack(0x000000cf6e900000,0x000000cf6ea00000) (1024K)]
  0x0000028b23298280 JavaThread "Common-Cleaner"             daemon [_thread_blocked, id=20872, stack(0x000000cf6ea00000,0x000000cf6eb00000) (1024K)]
  0x0000028b2331a810 JavaThread "Notification Thread"        daemon [_thread_blocked, id=20744, stack(0x000000cf6eb00000,0x000000cf6ec00000) (1024K)]
  0x0000028b24c16d70 JavaThread "Daemon health stats"               [_thread_blocked, id=10608, stack(0x000000cf6f000000,0x000000cf6f100000) (1024K)]
  0x0000028b24b046f0 JavaThread "Incoming local TCP Connector on port 56742"        [_thread_in_native, id=20496, stack(0x000000cf6f100000,0x000000cf6f200000) (1024K)]
  0x0000028b24cfea90 JavaThread "Daemon periodic checks"            [_thread_blocked, id=23732, stack(0x000000cf6f200000,0x000000cf6f300000) (1024K)]
  0x0000028b24170060 JavaThread "Daemon"                            [_thread_blocked, id=14832, stack(0x000000cf6f300000,0x000000cf6f400000) (1024K)]
  0x0000028b23226260 JavaThread "Handler for socket connection from /127.0.0.1:56742 to /127.0.0.1:56745"        [_thread_in_native, id=22932, stack(0x000000cf6f400000,0x000000cf6f500000) (1024K)]
  0x0000028b2344bd60 JavaThread "Cancel handler"                    [_thread_blocked, id=12932, stack(0x000000cf6f500000,0x000000cf6f600000) (1024K)]
  0x0000028b238491b0 JavaThread "Daemon worker"                     [_thread_in_Java, id=24304, stack(0x000000cf6f600000,0x000000cf6f700000) (1024K)]
  0x0000028b2384b9d0 JavaThread "Asynchronous log dispatcher for DefaultDaemonConnection: socket connection from /127.0.0.1:56742 to /127.0.0.1:56745"        [_thread_blocked, id=11096, stack(0x000000cf6f700000,0x000000cf6f800000) (1024K)]
  0x0000028b2384c6f0 JavaThread "Stdin handler"                     [_thread_blocked, id=18228, stack(0x000000cf6f800000,0x000000cf6f900000) (1024K)]
  0x0000028b2384c060 JavaThread "Daemon client event forwarder"        [_thread_blocked, id=16272, stack(0x000000cf6f900000,0x000000cf6fa00000) (1024K)]
  0x0000028b2384acb0 JavaThread "Cache worker for journal cache (C:\Users\nibin\.gradle\caches\journal-1)"        [_thread_blocked, id=19912, stack(0x000000cf6fb00000,0x000000cf6fc00000) (1024K)]
  0x0000028b2384cd80 JavaThread "File lock request listener"        [_thread_in_native, id=22160, stack(0x000000cf6fc00000,0x000000cf6fd00000) (1024K)]
  0x0000028b2384daa0 JavaThread "Cache worker for file hash cache (C:\Users\nibin\.gradle\caches\8.12\fileHashes)"        [_thread_blocked, id=5692, stack(0x000000cf6fa00000,0x000000cf6fb00000) (1024K)]
  0x0000028b2384e130 JavaThread "Cache worker for file hash cache (N:\Downloads\Projects\Flutter\Aura\aura_app\android\.gradle\8.12\fileHashes)"        [_thread_blocked, id=15712, stack(0x000000cf70400000,0x000000cf70500000) (1024K)]
  0x0000028b2384b340 JavaThread "Cache worker for Build Output Cleanup Cache (N:\Downloads\Projects\Flutter\Aura\aura_app\android\.gradle\buildOutputCleanup)"        [_thread_blocked, id=19712, stack(0x000000cf70500000,0x000000cf70600000) (1024K)]
  0x0000028b25a51d50 JavaThread "File watcher server"        daemon [_thread_in_native, id=23756, stack(0x000000cf70600000,0x000000cf70700000) (1024K)]
  0x0000028b25a523e0 JavaThread "File watcher consumer"      daemon [_thread_blocked, id=4120, stack(0x000000cf70700000,0x000000cf70800000) (1024K)]
  0x0000028b25a51030 JavaThread "jar transforms"                    [_thread_blocked, id=4228, stack(0x000000cf70800000,0x000000cf70900000) (1024K)]
  0x0000028b25a53790 JavaThread "jar transforms Thread 2"           [_thread_blocked, id=18692, stack(0x000000cf70900000,0x000000cf70a00000) (1024K)]
  0x0000028b25a53e20 JavaThread "jar transforms Thread 3"           [_thread_blocked, id=22604, stack(0x000000cf70a00000,0x000000cf70b00000) (1024K)]
  0x0000028b25a544b0 JavaThread "jar transforms Thread 4"           [_thread_blocked, id=4244, stack(0x000000cf70b00000,0x000000cf70c00000) (1024K)]
  0x0000028b25a54b40 JavaThread "jar transforms Thread 5"           [_thread_blocked, id=5192, stack(0x000000cf70c00000,0x000000cf70d00000) (1024K)]
  0x0000028b25a55ef0 JavaThread "Cache worker for checksums cache (N:\Downloads\Projects\Flutter\Aura\aura_app\android\.gradle\8.12\checksums)"        [_thread_blocked, id=9640, stack(0x000000cf70d00000,0x000000cf70e00000) (1024K)]
  0x0000028b25a53100 JavaThread "Cache worker for file content cache (C:\Users\nibin\.gradle\caches\8.12\fileContent)"        [_thread_blocked, id=8004, stack(0x000000cf70e00000,0x000000cf70f00000) (1024K)]
  0x0000028b25a551d0 JavaThread "jar transforms Thread 6"           [_thread_blocked, id=2648, stack(0x000000cf70f00000,0x000000cf71000000) (1024K)]
  0x0000028b25a55860 JavaThread "jar transforms Thread 7"           [_thread_blocked, id=10224, stack(0x000000cf71000000,0x000000cf71100000) (1024K)]
  0x0000028b25a52a70 JavaThread "jar transforms Thread 8"           [_thread_blocked, id=16148, stack(0x000000cf71100000,0x000000cf71200000) (1024K)]
  0x0000028b25a56580 JavaThread "jar transforms Thread 9"           [_thread_blocked, id=13368, stack(0x000000cf71200000,0x000000cf71300000) (1024K)]
  0x0000028b25a57fc0 JavaThread "Cache worker for cache directory md-rule (C:\Users\nibin\.gradle\caches\8.12\md-rule)"        [_thread_blocked, id=4696, stack(0x000000cf71300000,0x000000cf71400000) (1024K)]
  0x0000028b25a58650 JavaThread "Cache worker for cache directory md-supplier (C:\Users\nibin\.gradle\caches\8.12\md-supplier)"        [_thread_blocked, id=19356, stack(0x000000cf71400000,0x000000cf71500000) (1024K)]
  0x0000028b272f5a90 JavaThread "Cache worker for Build Output Cleanup Cache (C:\Flutter\packages\flutter_tools\gradle\.gradle\buildOutputCleanup)"        [_thread_blocked, id=7228, stack(0x000000cf71600000,0x000000cf71700000) (1024K)]
  0x0000028b272f74d0 JavaThread "Unconstrained build operations"        [_thread_blocked, id=20924, stack(0x000000cf71500000,0x000000cf71600000) (1024K)]
  0x0000028b272f6120 JavaThread "Unconstrained build operations Thread 2"        [_thread_blocked, id=19552, stack(0x000000cf71700000,0x000000cf71800000) (1024K)]
  0x0000028b272f4050 JavaThread "Unconstrained build operations Thread 3"        [_thread_blocked, id=9992, stack(0x000000cf71800000,0x000000cf71900000) (1024K)]
  0x0000028b272f7b60 JavaThread "Unconstrained build operations Thread 4"        [_thread_blocked, id=1580, stack(0x000000cf71900000,0x000000cf71a00000) (1024K)]
  0x0000028b272f46e0 JavaThread "Unconstrained build operations Thread 5"        [_thread_blocked, id=13652, stack(0x000000cf71a00000,0x000000cf71b00000) (1024K)]
  0x0000028b272fafe0 JavaThread "Unconstrained build operations Thread 6"        [_thread_blocked, id=3308, stack(0x000000cf71b00000,0x000000cf71c00000) (1024K)]
  0x0000028b272f8f10 JavaThread "Unconstrained build operations Thread 7"        [_thread_blocked, id=18832, stack(0x000000cf71c00000,0x000000cf71d00000) (1024K)]
  0x0000028b272f95a0 JavaThread "Unconstrained build operations Thread 8"        [_thread_blocked, id=12364, stack(0x000000cf71d00000,0x000000cf71e00000) (1024K)]
  0x0000028b272fb670 JavaThread "Unconstrained build operations Thread 9"        [_thread_blocked, id=1972, stack(0x000000cf71e00000,0x000000cf71f00000) (1024K)]
  0x0000028b272fa950 JavaThread "Unconstrained build operations Thread 10"        [_thread_blocked, id=20116, stack(0x000000cf71f00000,0x000000cf72000000) (1024K)]
  0x0000028b272fa2c0 JavaThread "Unconstrained build operations Thread 11"        [_thread_blocked, id=12232, stack(0x000000cf72000000,0x000000cf72100000) (1024K)]
  0x0000028b272f81f0 JavaThread "Unconstrained build operations Thread 12"        [_thread_blocked, id=20472, stack(0x000000cf72100000,0x000000cf72200000) (1024K)]
  0x0000028b272f9c30 JavaThread "Unconstrained build operations Thread 13"        [_thread_blocked, id=20516, stack(0x000000cf72200000,0x000000cf72300000) (1024K)]
  0x0000028b272f8880 JavaThread "Unconstrained build operations Thread 14"        [_thread_blocked, id=15704, stack(0x000000cf72300000,0x000000cf72400000) (1024K)]
  0x0000028b23407f30 JavaThread "Unconstrained build operations Thread 15"        [_thread_blocked, id=22696, stack(0x000000cf72400000,0x000000cf72500000) (1024K)]
  0x0000028b234078a0 JavaThread "Unconstrained build operations Thread 16"        [_thread_blocked, id=12468, stack(0x000000cf72500000,0x000000cf72600000) (1024K)]
  0x0000028b23404ab0 JavaThread "Unconstrained build operations Thread 17"        [_thread_blocked, id=22104, stack(0x000000cf72600000,0x000000cf72700000) (1024K)]
  0x0000028b234085c0 JavaThread "Unconstrained build operations Thread 18"        [_thread_blocked, id=436, stack(0x000000cf72700000,0x000000cf72800000) (1024K)]
  0x0000028b234064f0 JavaThread "Unconstrained build operations Thread 19"        [_thread_blocked, id=23464, stack(0x000000cf72800000,0x000000cf72900000) (1024K)]
  0x0000028b23405140 JavaThread "Unconstrained build operations Thread 20"        [_thread_blocked, id=22688, stack(0x000000cf72900000,0x000000cf72a00000) (1024K)]
  0x0000028b23408c50 JavaThread "Unconstrained build operations Thread 21"        [_thread_blocked, id=13724, stack(0x000000cf72a00000,0x000000cf72b00000) (1024K)]
  0x0000028b23405e60 JavaThread "Unconstrained build operations Thread 22"        [_thread_blocked, id=13660, stack(0x000000cf72b00000,0x000000cf72c00000) (1024K)]
  0x0000028b23406b80 JavaThread "Unconstrained build operations Thread 23"        [_thread_blocked, id=5228, stack(0x000000cf72c00000,0x000000cf72d00000) (1024K)]
  0x0000028b23407210 JavaThread "Unconstrained build operations Thread 24"        [_thread_blocked, id=16252, stack(0x000000cf72d00000,0x000000cf72e00000) (1024K)]
  0x0000028b234057d0 JavaThread "Unconstrained build operations Thread 25"        [_thread_blocked, id=9316, stack(0x000000cf72e00000,0x000000cf72f00000) (1024K)]
  0x0000028b234092e0 JavaThread "Unconstrained build operations Thread 26"        [_thread_blocked, id=3952, stack(0x000000cf72f00000,0x000000cf73000000) (1024K)]
  0x0000028b2340ad20 JavaThread "Unconstrained build operations Thread 27"        [_thread_blocked, id=12612, stack(0x000000cf73000000,0x000000cf73100000) (1024K)]
  0x0000028b2340b3b0 JavaThread "Unconstrained build operations Thread 28"        [_thread_blocked, id=5912, stack(0x000000cf73100000,0x000000cf73200000) (1024K)]
  0x0000028b2340ba40 JavaThread "Unconstrained build operations Thread 29"        [_thread_blocked, id=2200, stack(0x000000cf73200000,0x000000cf73300000) (1024K)]
  0x0000028b2340c0d0 JavaThread "Unconstrained build operations Thread 30"        [_thread_blocked, id=22412, stack(0x000000cf73300000,0x000000cf73400000) (1024K)]
  0x0000028b23409970 JavaThread "Unconstrained build operations Thread 31"        [_thread_blocked, id=13212, stack(0x000000cf73400000,0x000000cf73500000) (1024K)]
  0x0000028b2340a000 JavaThread "Unconstrained build operations Thread 32"        [_thread_blocked, id=23236, stack(0x000000cf73500000,0x000000cf73600000) (1024K)]
  0x0000028b2340a690 JavaThread "Unconstrained build operations Thread 33"        [_thread_blocked, id=7700, stack(0x000000cf73600000,0x000000cf73700000) (1024K)]
  0x0000028b25bf5210 JavaThread "Memory manager"                    [_thread_blocked, id=13936, stack(0x000000cf73700000,0x000000cf73800000) (1024K)]
  0x0000028b25bf3e60 JavaThread "build event listener"              [_thread_blocked, id=15956, stack(0x000000cf73800000,0x000000cf73900000) (1024K)]
  0x0000028b25bf8690 JavaThread "Execution worker"                  [_thread_blocked, id=11284, stack(0x000000cf73a00000,0x000000cf73b00000) (1024K)]
  0x0000028b25bf8d20 JavaThread "Execution worker Thread 2"         [_thread_blocked, id=15200, stack(0x000000cf73b00000,0x000000cf73c00000) (1024K)]
  0x0000028b25bf93b0 JavaThread "Execution worker Thread 3"         [_thread_blocked, id=14024, stack(0x000000cf73c00000,0x000000cf73d00000) (1024K)]
  0x0000028b25bf9a40 JavaThread "Execution worker Thread 4"         [_thread_blocked, id=20848, stack(0x000000cf73d00000,0x000000cf73e00000) (1024K)]
  0x0000028b25bf8000 JavaThread "Execution worker Thread 5"         [_thread_blocked, id=18660, stack(0x000000cf73e00000,0x000000cf73f00000) (1024K)]
  0x0000028b25bfb480 JavaThread "Execution worker Thread 6"         [_thread_blocked, id=21428, stack(0x000000cf73f00000,0x000000cf74000000) (1024K)]
  0x0000028b25bfadf0 JavaThread "Execution worker Thread 7"         [_thread_blocked, id=20592, stack(0x000000cf74000000,0x000000cf74100000) (1024K)]
  0x0000028b25bfa0d0 JavaThread "Execution worker Thread 8"         [_thread_blocked, id=21756, stack(0x000000cf74100000,0x000000cf74200000) (1024K)]
  0x0000028b25bfa760 JavaThread "Execution worker Thread 9"         [_thread_blocked, id=12836, stack(0x000000cf74200000,0x000000cf74300000) (1024K)]
  0x0000028b283e0d90 JavaThread "Execution worker Thread 10"        [_thread_blocked, id=17560, stack(0x000000cf74300000,0x000000cf74400000) (1024K)]
  0x0000028b283e2140 JavaThread "Execution worker Thread 11"        [_thread_blocked, id=3232, stack(0x000000cf74400000,0x000000cf74500000) (1024K)]
  0x0000028b283e1ab0 JavaThread "Cache worker for execution history cache (C:\Flutter\packages\flutter_tools\gradle\.gradle\8.12\executionHistory)"        [_thread_blocked, id=23768, stack(0x000000cf74500000,0x000000cf74600000) (1024K)]
  0x0000028b283e27d0 JavaThread "Unconstrained build operations Thread 34"        [_thread_blocked, id=19784, stack(0x000000cf74600000,0x000000cf74700000) (1024K)]
  0x0000028b283e2e60 JavaThread "Unconstrained build operations Thread 35"        [_thread_blocked, id=6960, stack(0x000000cf74700000,0x000000cf74800000) (1024K)]
  0x0000028b283e34f0 JavaThread "Unconstrained build operations Thread 36"        [_thread_blocked, id=16164, stack(0x000000cf74800000,0x000000cf74900000) (1024K)]
  0x0000028b283e3b80 JavaThread "Unconstrained build operations Thread 37"        [_thread_blocked, id=22432, stack(0x000000cf74900000,0x000000cf74a00000) (1024K)]
  0x0000028b283e1420 JavaThread "Unconstrained build operations Thread 38"        [_thread_blocked, id=3088, stack(0x000000cf74a00000,0x000000cf74b00000) (1024K)]
  0x0000028b283e6970 JavaThread "Unconstrained build operations Thread 39"        [_thread_blocked, id=24396, stack(0x000000cf74b00000,0x000000cf74c00000) (1024K)]
  0x0000028b283e4f30 JavaThread "Unconstrained build operations Thread 40"        [_thread_blocked, id=22152, stack(0x000000cf74c00000,0x000000cf74d00000) (1024K)]
  0x0000028b283e55c0 JavaThread "Unconstrained build operations Thread 41"        [_thread_blocked, id=10636, stack(0x000000cf74d00000,0x000000cf74e00000) (1024K)]
  0x0000028b283e62e0 JavaThread "Unconstrained build operations Thread 42"        [_thread_blocked, id=6440, stack(0x000000cf74e00000,0x000000cf74f00000) (1024K)]
  0x0000028b283e7000 JavaThread "Unconstrained build operations Thread 43"        [_thread_blocked, id=16960, stack(0x000000cf74f00000,0x000000cf75000000) (1024K)]
  0x0000028b283e48a0 JavaThread "Unconstrained build operations Thread 44"        [_thread_blocked, id=24200, stack(0x000000cf75000000,0x000000cf75100000) (1024K)]
  0x0000028b283e4210 JavaThread "Unconstrained build operations Thread 45"        [_thread_blocked, id=20152, stack(0x000000cf75100000,0x000000cf75200000) (1024K)]
  0x0000028b283e7d20 JavaThread "Unconstrained build operations Thread 46"        [_thread_blocked, id=11676, stack(0x000000cf75200000,0x000000cf75300000) (1024K)]
  0x0000028b283e83b0 JavaThread "Unconstrained build operations Thread 47"        [_thread_blocked, id=19416, stack(0x000000cf75300000,0x000000cf75400000) (1024K)]
  0x0000028b283e5c50 JavaThread "Unconstrained build operations Thread 48"        [_thread_blocked, id=9576, stack(0x000000cf75400000,0x000000cf75500000) (1024K)]
  0x0000028b283e7690 JavaThread "Unconstrained build operations Thread 49"        [_thread_blocked, id=6256, stack(0x000000cf75500000,0x000000cf75600000) (1024K)]
  0x0000028b28ddd8b0 JavaThread "Unconstrained build operations Thread 50"        [_thread_blocked, id=1980, stack(0x000000cf75600000,0x000000cf75700000) (1024K)]
  0x0000028b28ddc500 JavaThread "Unconstrained build operations Thread 51"        [_thread_blocked, id=20304, stack(0x000000cf75700000,0x000000cf75800000) (1024K)]
  0x0000028b28ddbe70 JavaThread "Unconstrained build operations Thread 52"        [_thread_blocked, id=12160, stack(0x000000cf75800000,0x000000cf75900000) (1024K)]
  0x0000028b28dde5d0 JavaThread "Unconstrained build operations Thread 53"        [_thread_blocked, id=10532, stack(0x000000cf75900000,0x000000cf75a00000) (1024K)]
  0x0000028b28ddcb90 JavaThread "Unconstrained build operations Thread 54"        [_thread_blocked, id=13324, stack(0x000000cf75a00000,0x000000cf75b00000) (1024K)]
  0x0000028b28ddd220 JavaThread "Unconstrained build operations Thread 55"        [_thread_blocked, id=13124, stack(0x000000cf75b00000,0x000000cf75c00000) (1024K)]
  0x0000028b28ddec60 JavaThread "Unconstrained build operations Thread 56"        [_thread_blocked, id=18456, stack(0x000000cf75c00000,0x000000cf75d00000) (1024K)]
  0x0000028b28dddf40 JavaThread "Unconstrained build operations Thread 57"        [_thread_blocked, id=22980, stack(0x000000cf75d00000,0x000000cf75e00000) (1024K)]
  0x0000028b28ddb7e0 JavaThread "Unconstrained build operations Thread 58"        [_thread_blocked, id=2228, stack(0x000000cf75e00000,0x000000cf75f00000) (1024K)]
  0x0000028b28de0010 JavaThread "Unconstrained build operations Thread 59"        [_thread_blocked, id=17504, stack(0x000000cf75f00000,0x000000cf76000000) (1024K)]
  0x0000028b28de06a0 JavaThread "Unconstrained build operations Thread 60"        [_thread_blocked, id=8436, stack(0x000000cf76000000,0x000000cf76100000) (1024K)]
  0x0000028b28de1a50 JavaThread "Unconstrained build operations Thread 61"        [_thread_blocked, id=11084, stack(0x000000cf76100000,0x000000cf76200000) (1024K)]
  0x0000028b28ddf980 JavaThread "Unconstrained build operations Thread 62"        [_thread_blocked, id=3632, stack(0x000000cf76200000,0x000000cf76300000) (1024K)]
  0x0000028b28de0d30 JavaThread "Unconstrained build operations Thread 63"        [_thread_blocked, id=22180, stack(0x000000cf76300000,0x000000cf76400000) (1024K)]
  0x0000028b28de13c0 JavaThread "Unconstrained build operations Thread 64"        [_thread_blocked, id=7912, stack(0x000000cf76400000,0x000000cf76500000) (1024K)]
  0x0000028b28de20e0 JavaThread "Unconstrained build operations Thread 65"        [_thread_blocked, id=20380, stack(0x000000cf76500000,0x000000cf76600000) (1024K)]
  0x0000028b28de2770 JavaThread "Unconstrained build operations Thread 66"        [_thread_blocked, id=24116, stack(0x000000cf76600000,0x000000cf76700000) (1024K)]
  0x0000028b28ddf2f0 JavaThread "Unconstrained build operations Thread 67"        [_thread_blocked, id=22220, stack(0x000000cf76700000,0x000000cf76800000) (1024K)]
  0x0000028b28de2e00 JavaThread "Unconstrained build operations Thread 68"        [_thread_blocked, id=23028, stack(0x000000cf76800000,0x000000cf76900000) (1024K)]
  0x0000028b27b99610 JavaThread "WorkerExecutor Queue"              [_thread_blocked, id=24012, stack(0x000000cf76900000,0x000000cf76a00000) (1024K)]
  0x0000028b27b9b6e0 JavaThread "RMI Scheduler(0)"           daemon [_thread_blocked, id=19904, stack(0x000000cf76a00000,0x000000cf76b00000) (1024K)]
  0x0000028b27b9b050 JavaThread "RMI GC Daemon"              daemon [_thread_blocked, id=15036, stack(0x000000cf76c00000,0x000000cf76d00000) (1024K)]
  0x0000028b27b9bd70 JavaThread "RMI TCP Accept-0"           daemon [_thread_in_native, id=7708, stack(0x000000cf76d00000,0x000000cf76e00000) (1024K)]
  0x0000028b27b9c400 JavaThread "RMI Reaper"                        [_thread_blocked, id=22012, stack(0x000000cf76e00000,0x000000cf76f00000) (1024K)]
  0x0000028b27b9ca90 JavaThread "RMI TCP Connection(idle)"   daemon [_thread_blocked, id=19864, stack(0x000000cf76f00000,0x000000cf77000000) (1024K)]
  0x0000028b27b9d7b0 JavaThread "Unconstrained build operations Thread 69"        [_thread_blocked, id=23316, stack(0x000000cf6d700000,0x000000cf6d800000) (1024K)]
  0x0000028b27b9a330 JavaThread "Unconstrained build operations Thread 70"        [_thread_blocked, id=21560, stack(0x000000cf6d800000,0x000000cf6d900000) (1024K)]
  0x0000028b27b9de40 JavaThread "Unconstrained build operations Thread 71"        [_thread_blocked, id=21544, stack(0x000000cf6d900000,0x000000cf6da00000) (1024K)]
  0x0000028b27b9a9c0 JavaThread "Unconstrained build operations Thread 72"        [_thread_blocked, id=4816, stack(0x000000cf77200000,0x000000cf77300000) (1024K)]
  0x0000028b27b9e4d0 JavaThread "Unconstrained build operations Thread 73"        [_thread_blocked, id=23484, stack(0x000000cf77300000,0x000000cf77400000) (1024K)]
  0x0000028b27b9eb60 JavaThread "Unconstrained build operations Thread 74"        [_thread_blocked, id=24332, stack(0x000000cf77400000,0x000000cf77500000) (1024K)]
  0x0000028b27b9f1f0 JavaThread "Unconstrained build operations Thread 75"        [_thread_blocked, id=14840, stack(0x000000cf77500000,0x000000cf77600000) (1024K)]
  0x0000028b27b9f880 JavaThread "Unconstrained build operations Thread 76"        [_thread_blocked, id=4068, stack(0x000000cf77600000,0x000000cf77700000) (1024K)]
  0x0000028b24fb2300 JavaThread "Unconstrained build operations Thread 77"        [_thread_blocked, id=23000, stack(0x000000cf77700000,0x000000cf77800000) (1024K)]
  0x0000028b24fb2990 JavaThread "Unconstrained build operations Thread 78"        [_thread_blocked, id=22712, stack(0x000000cf77800000,0x000000cf77900000) (1024K)]
  0x0000028b24fb3020 JavaThread "Unconstrained build operations Thread 79"        [_thread_blocked, id=19808, stack(0x000000cf77900000,0x000000cf77a00000) (1024K)]
  0x0000028b24fb3d40 JavaThread "Unconstrained build operations Thread 80"        [_thread_blocked, id=1688, stack(0x000000cf77a00000,0x000000cf77b00000) (1024K)]
  0x0000028b24fb43d0 JavaThread "Unconstrained build operations Thread 81"        [_thread_blocked, id=21312, stack(0x000000cf77b00000,0x000000cf77c00000) (1024K)]
  0x0000028b24fb6b30 JavaThread "Unconstrained build operations Thread 82"        [_thread_blocked, id=23932, stack(0x000000cf77c00000,0x000000cf77d00000) (1024K)]
  0x0000028b24fb36b0 JavaThread "Unconstrained build operations Thread 83"        [_thread_blocked, id=24376, stack(0x000000cf77d00000,0x000000cf77e00000) (1024K)]
  0x0000028b24fb71c0 JavaThread "Unconstrained build operations Thread 84"        [_thread_blocked, id=22924, stack(0x000000cf77e00000,0x000000cf77f00000) (1024K)]
  0x0000028b24fb7850 JavaThread "Unconstrained build operations Thread 85"        [_thread_blocked, id=2860, stack(0x000000cf77f00000,0x000000cf78000000) (1024K)]
  0x0000028b24fb5e10 JavaThread "Unconstrained build operations Thread 86"        [_thread_blocked, id=13280, stack(0x000000cf78000000,0x000000cf78100000) (1024K)]
  0x0000028b24fb64a0 JavaThread "Unconstrained build operations Thread 87"        [_thread_blocked, id=11696, stack(0x000000cf78100000,0x000000cf78200000) (1024K)]
  0x0000028b24fb4a60 JavaThread "Unconstrained build operations Thread 88"        [_thread_blocked, id=6928, stack(0x000000cf78200000,0x000000cf78300000) (1024K)]
  0x0000028b24fb7ee0 JavaThread "Unconstrained build operations Thread 89"        [_thread_blocked, id=21684, stack(0x000000cf78300000,0x000000cf78400000) (1024K)]
  0x0000028b24fb8570 JavaThread "Unconstrained build operations Thread 90"        [_thread_blocked, id=23752, stack(0x000000cf78400000,0x000000cf78500000) (1024K)]
  0x0000028b24fb50f0 JavaThread "Unconstrained build operations Thread 91"        [_thread_blocked, id=16492, stack(0x000000cf76b00000,0x000000cf76c00000) (1024K)]
  0x0000028b24fb8c00 JavaThread "Unconstrained build operations Thread 92"        [_thread_blocked, id=23324, stack(0x000000cf78500000,0x000000cf78600000) (1024K)]
  0x0000028b24fb5780 JavaThread "Unconstrained build operations Thread 93"        [_thread_blocked, id=22556, stack(0x000000cf78600000,0x000000cf78700000) (1024K)]
  0x0000028b24fb9290 JavaThread "Unconstrained build operations Thread 94"        [_thread_blocked, id=6392, stack(0x000000cf78700000,0x000000cf78800000) (1024K)]
  0x0000028b24fb9920 JavaThread "Unconstrained build operations Thread 95"        [_thread_blocked, id=21524, stack(0x000000cf78800000,0x000000cf78900000) (1024K)]
  0x0000028b27b98260 JavaThread "Unconstrained build operations Thread 96"        [_thread_blocked, id=22996, stack(0x000000cf78900000,0x000000cf78a00000) (1024K)]
  0x0000028b26da8d20 JavaThread "Unconstrained build operations Thread 97"        [_thread_blocked, id=8928, stack(0x000000cf78a00000,0x000000cf78b00000) (1024K)]
  0x0000028b26da8690 JavaThread "Unconstrained build operations Thread 98"        [_thread_blocked, id=19300, stack(0x000000cf78b00000,0x000000cf78c00000) (1024K)]
  0x0000028b26dabb10 JavaThread "Unconstrained build operations Thread 99"        [_thread_blocked, id=22264, stack(0x000000cf78c00000,0x000000cf78d00000) (1024K)]
  0x0000028b26dac1a0 JavaThread "Unconstrained build operations Thread 100"        [_thread_blocked, id=8196, stack(0x000000cf78d00000,0x000000cf78e00000) (1024K)]
  0x0000028b26dac830 JavaThread "Unconstrained build operations Thread 101"        [_thread_blocked, id=11508, stack(0x000000cf78e00000,0x000000cf78f00000) (1024K)]
  0x0000028b26da9a40 JavaThread "build event listener"              [_thread_blocked, id=6692, stack(0x000000cf78f00000,0x000000cf79000000) (1024K)]
Total: 164

Other Threads:
  0x0000028add57e7c0 VMThread "VM Thread"                           [id=20280, stack(0x000000cf6e100000,0x000000cf6e200000) (1024K)]
  0x0000028add56cc20 WatcherThread "VM Periodic Task Thread"        [id=1824, stack(0x000000cf6e000000,0x000000cf6e100000) (1024K)]
  0x0000028aa69c5cd0 WorkerThread "GC Thread#0"                     [id=7000, stack(0x000000cf6db00000,0x000000cf6dc00000) (1024K)]
  0x0000028b235188b0 WorkerThread "GC Thread#1"                     [id=9160, stack(0x000000cf6ec00000,0x000000cf6ed00000) (1024K)]
  0x0000028b23532ac0 WorkerThread "GC Thread#2"                     [id=12568, stack(0x000000cf6ed00000,0x000000cf6ee00000) (1024K)]
  0x0000028b23f77ab0 WorkerThread "GC Thread#3"                     [id=14412, stack(0x000000cf6ee00000,0x000000cf6ef00000) (1024K)]
  0x0000028b23f1d100 WorkerThread "GC Thread#4"                     [id=13732, stack(0x000000cf6ef00000,0x000000cf6f000000) (1024K)]
  0x0000028b250bf170 WorkerThread "GC Thread#5"                     [id=24032, stack(0x000000cf6fd00000,0x000000cf6fe00000) (1024K)]
  0x0000028b2512e220 WorkerThread "GC Thread#6"                     [id=3356, stack(0x000000cf6fe00000,0x000000cf6ff00000) (1024K)]
  0x0000028b2512de70 WorkerThread "GC Thread#7"                     [id=14156, stack(0x000000cf6ff00000,0x000000cf70000000) (1024K)]
  0x0000028b2512e5d0 WorkerThread "GC Thread#8"                     [id=18992, stack(0x000000cf70000000,0x000000cf70100000) (1024K)]
  0x0000028b2512dac0 WorkerThread "GC Thread#9"                     [id=23848, stack(0x000000cf70100000,0x000000cf70200000) (1024K)]
  0x0000028aa69d6d30 ConcurrentGCThread "G1 Main Marker"            [id=16704, stack(0x000000cf6dc00000,0x000000cf6dd00000) (1024K)]
  0x0000028aa69d9320 WorkerThread "G1 Conc#0"                       [id=11300, stack(0x000000cf6dd00000,0x000000cf6de00000) (1024K)]
  0x0000028b267fa390 WorkerThread "G1 Conc#1"                       [id=7024, stack(0x000000cf70200000,0x000000cf70300000) (1024K)]
  0x0000028b267fc110 WorkerThread "G1 Conc#2"                       [id=19900, stack(0x000000cf70300000,0x000000cf70400000) (1024K)]
  0x0000028add43e1d0 ConcurrentGCThread "G1 Refine#0"               [id=20432, stack(0x000000cf6de00000,0x000000cf6df00000) (1024K)]
  0x0000028add43eb00 ConcurrentGCThread "G1 Service"                [id=3168, stack(0x000000cf6df00000,0x000000cf6e000000) (1024K)]
Total: 18

Threads with active compile tasks:
C2 CompilerThread0   145592 14520       4       java.lang.invoke.DelegatingMethodHandle::makeReinvokerForm (326 bytes)
Total: 1

VM state: not at safepoint (normal execution)

VM Mutex/Monitor currently owned by a thread: None

Heap address: 0x0000000600000000, size: 8192 MB, Compressed Oops mode: Zero based, Oop shift amount: 3

CDS archive(s) mapped at: [0x0000028ade000000-0x0000028adec90000-0x0000028adec90000), size 13172736, SharedBaseAddress: 0x0000028ade000000, ArchiveRelocationMode: 1.
Compressed class space mapped at: 0x0000028adf000000-0x0000028b1f000000, reserved size: 1073741824
Narrow klass base: 0x0000028ade000000, Narrow klass shift: 0, Narrow klass range: 0x100000000

GC Precious Log:
 CardTable entry size: 512
 Card Set container configuration: InlinePtr #cards 4 size 8 Array Of Cards #cards 32 size 80 Howl #buckets 8 coarsen threshold 7372 Howl Bitmap #cards 1024 size 144 coarsen threshold 921 Card regions per heap region 1 cards per card region 8192
 CPUs: 12 total, 12 available
 Memory: 7913M
 Large Page Support: Disabled
 NUMA Support: Disabled
 Compressed Oops: Enabled (Zero based)
 Heap Region Size: 4M
 Heap Min Capacity: 8M
 Heap Initial Capacity: 124M
 Heap Max Capacity: 8G
 Pre-touch: Disabled
 Parallel Workers: 10
 Concurrent Workers: 3
 Concurrent Refinement Workers: 10
 Periodic GC: Disabled

Heap:
 garbage-first heap   total 671744K, used 269502K [0x0000000600000000, 0x0000000800000000)
  region size 4096K, 29 young (118784K), 1 survivors (4096K)
 Metaspace       used 123904K, committed 126784K, reserved 1179648K
  class space    used 16962K, committed 18368K, reserved 1048576K

Heap Regions: E=young(eden), S=young(survivor), O=old, HS=humongous(starts), HC=humongous(continues), CS=collection set, F=free, TAMS=top-at-mark-start, PB=parsable bottom
|   0|0x0000000600000000, 0x0000000600400000, 0x0000000600400000|100%|HS|  |TAMS 0x0000000600000000| PB 0x0000000600000000| Complete 
|   1|0x0000000600400000, 0x0000000600800000, 0x0000000600800000|100%| O|  |TAMS 0x0000000600400000| PB 0x0000000600400000| Untracked 
|   2|0x0000000600800000, 0x0000000600c00000, 0x0000000600c00000|100%| O|  |TAMS 0x0000000600800000| PB 0x0000000600800000| Untracked 
|   3|0x0000000600c00000, 0x0000000600fce588, 0x0000000601000000| 95%| O|  |TAMS 0x0000000600c00000| PB 0x0000000600c00000| Untracked 
|   4|0x0000000601000000, 0x0000000601400000, 0x0000000601400000|100%| O|  |TAMS 0x0000000601000000| PB 0x0000000601000000| Untracked 
|   5|0x0000000601400000, 0x0000000601800000, 0x0000000601800000|100%| O|  |TAMS 0x0000000601400000| PB 0x0000000601400000| Untracked 
|   6|0x0000000601800000, 0x0000000601c00000, 0x0000000601c00000|100%| O|  |TAMS 0x0000000601800000| PB 0x0000000601800000| Untracked 
|   7|0x0000000601c00000, 0x0000000602000000, 0x0000000602000000|100%|HS|  |TAMS 0x0000000601c00000| PB 0x0000000601c00000| Complete 
|   8|0x0000000602000000, 0x0000000602400000, 0x0000000602400000|100%| O|  |TAMS 0x0000000602000000| PB 0x0000000602000000| Untracked 
|   9|0x0000000602400000, 0x0000000602800000, 0x0000000602800000|100%| O|  |TAMS 0x0000000602400000| PB 0x0000000602400000| Untracked 
|  10|0x0000000602800000, 0x0000000602c00000, 0x0000000602c00000|100%| O|  |TAMS 0x0000000602800000| PB 0x0000000602800000| Untracked 
|  11|0x0000000602c00000, 0x0000000603000000, 0x0000000603000000|100%|HS|  |TAMS 0x0000000602c00000| PB 0x0000000602c00000| Complete 
|  12|0x0000000603000000, 0x0000000603400000, 0x0000000603400000|100%| O|  |TAMS 0x0000000603000000| PB 0x0000000603000000| Untracked 
|  13|0x0000000603400000, 0x0000000603800000, 0x0000000603800000|100%| O|  |TAMS 0x0000000603400000| PB 0x0000000603400000| Untracked 
|  14|0x0000000603800000, 0x0000000603c00000, 0x0000000603c00000|100%| O|  |TAMS 0x0000000603800000| PB 0x0000000603800000| Untracked 
|  15|0x0000000603c00000, 0x0000000604000000, 0x0000000604000000|100%| O|  |TAMS 0x0000000603c00000| PB 0x0000000603c00000| Untracked 
|  16|0x0000000604000000, 0x0000000604400000, 0x0000000604400000|100%| O|  |TAMS 0x0000000604000000| PB 0x0000000604000000| Untracked 
|  17|0x0000000604400000, 0x0000000604800000, 0x0000000604800000|100%| O|  |TAMS 0x0000000604400000| PB 0x0000000604400000| Untracked 
|  18|0x0000000604800000, 0x0000000604c00000, 0x0000000604c00000|100%| O|  |TAMS 0x0000000604800000| PB 0x0000000604800000| Untracked 
|  19|0x0000000604c00000, 0x0000000605000000, 0x0000000605000000|100%| O|  |TAMS 0x0000000604c00000| PB 0x0000000604c00000| Untracked 
|  20|0x0000000605000000, 0x0000000605400000, 0x0000000605400000|100%| O|  |TAMS 0x0000000605000000| PB 0x0000000605000000| Untracked 
|  21|0x0000000605400000, 0x0000000605800000, 0x0000000605800000|100%| O|  |TAMS 0x0000000605400000| PB 0x0000000605400000| Untracked 
|  22|0x0000000605800000, 0x0000000605c00000, 0x0000000605c00000|100%| O|  |TAMS 0x0000000605800000| PB 0x0000000605800000| Untracked 
|  23|0x0000000605c00000, 0x0000000605c00000, 0x0000000606000000|  0%| F|  |TAMS 0x0000000605c00000| PB 0x0000000605c00000| Untracked 
|  24|0x0000000606000000, 0x0000000606400000, 0x0000000606400000|100%| O|  |TAMS 0x0000000606000000| PB 0x0000000606000000| Untracked 
|  25|0x0000000606400000, 0x0000000606800000, 0x0000000606800000|100%| O|  |TAMS 0x0000000606400000| PB 0x0000000606400000| Untracked 
|  26|0x0000000606800000, 0x0000000606c00000, 0x0000000606c00000|100%| O|  |TAMS 0x0000000606800000| PB 0x0000000606800000| Untracked 
|  27|0x0000000606c00000, 0x0000000607000000, 0x0000000607000000|100%| O|  |TAMS 0x0000000606c00000| PB 0x0000000606c00000| Untracked 
|  28|0x0000000607000000, 0x0000000607400000, 0x0000000607400000|100%| O|  |TAMS 0x0000000607000000| PB 0x0000000607000000| Untracked 
|  29|0x0000000607400000, 0x0000000607800000, 0x0000000607800000|100%| O|  |TAMS 0x0000000607400000| PB 0x0000000607400000| Untracked 
|  30|0x0000000607800000, 0x0000000607c00000, 0x0000000607c00000|100%| O|  |TAMS 0x0000000607800000| PB 0x0000000607800000| Untracked 
|  31|0x0000000607c00000, 0x0000000608000000, 0x0000000608000000|100%| O|  |TAMS 0x0000000607c00000| PB 0x0000000607c00000| Untracked 
|  32|0x0000000608000000, 0x0000000608361318, 0x0000000608400000| 84%| O|  |TAMS 0x0000000608000000| PB 0x0000000608000000| Untracked 
|  33|0x0000000608400000, 0x0000000608800000, 0x0000000608800000|100%|HS|  |TAMS 0x0000000608400000| PB 0x0000000608400000| Complete 
|  34|0x0000000608800000, 0x0000000608c00000, 0x0000000608c00000|100%|HC|  |TAMS 0x0000000608800000| PB 0x0000000608800000| Complete 
|  35|0x0000000608c00000, 0x0000000608c00000, 0x0000000609000000|  0%| F|  |TAMS 0x0000000608c00000| PB 0x0000000608c00000| Untracked 
|  36|0x0000000609000000, 0x0000000609000000, 0x0000000609400000|  0%| F|  |TAMS 0x0000000609000000| PB 0x0000000609000000| Untracked 
|  37|0x0000000609400000, 0x0000000609400000, 0x0000000609800000|  0%| F|  |TAMS 0x0000000609400000| PB 0x0000000609400000| Untracked 
|  38|0x0000000609800000, 0x0000000609800000, 0x0000000609c00000|  0%| F|  |TAMS 0x0000000609800000| PB 0x0000000609800000| Untracked 
|  39|0x0000000609c00000, 0x0000000609c00000, 0x000000060a000000|  0%| F|  |TAMS 0x0000000609c00000| PB 0x0000000609c00000| Untracked 
|  40|0x000000060a000000, 0x000000060a000000, 0x000000060a400000|  0%| F|  |TAMS 0x000000060a000000| PB 0x000000060a000000| Untracked 
|  41|0x000000060a400000, 0x000000060a400000, 0x000000060a800000|  0%| F|  |TAMS 0x000000060a400000| PB 0x000000060a400000| Untracked 
|  42|0x000000060a800000, 0x000000060a800000, 0x000000060ac00000|  0%| F|  |TAMS 0x000000060a800000| PB 0x000000060a800000| Untracked 
|  43|0x000000060ac00000, 0x000000060ac00000, 0x000000060b000000|  0%| F|  |TAMS 0x000000060ac00000| PB 0x000000060ac00000| Untracked 
|  44|0x000000060b000000, 0x000000060b000000, 0x000000060b400000|  0%| F|  |TAMS 0x000000060b000000| PB 0x000000060b000000| Untracked 
|  45|0x000000060b400000, 0x000000060b400000, 0x000000060b800000|  0%| F|  |TAMS 0x000000060b400000| PB 0x000000060b400000| Untracked 
|  46|0x000000060b800000, 0x000000060b800000, 0x000000060bc00000|  0%| F|  |TAMS 0x000000060b800000| PB 0x000000060b800000| Untracked 
|  47|0x000000060bc00000, 0x000000060bc00000, 0x000000060c000000|  0%| F|  |TAMS 0x000000060bc00000| PB 0x000000060bc00000| Untracked 
|  48|0x000000060c000000, 0x000000060c000000, 0x000000060c400000|  0%| F|  |TAMS 0x000000060c000000| PB 0x000000060c000000| Untracked 
|  49|0x000000060c400000, 0x000000060c400000, 0x000000060c800000|  0%| F|  |TAMS 0x000000060c400000| PB 0x000000060c400000| Untracked 
|  50|0x000000060c800000, 0x000000060c800000, 0x000000060cc00000|  0%| F|  |TAMS 0x000000060c800000| PB 0x000000060c800000| Untracked 
|  51|0x000000060cc00000, 0x000000060cc00000, 0x000000060d000000|  0%| F|  |TAMS 0x000000060cc00000| PB 0x000000060cc00000| Untracked 
|  52|0x000000060d000000, 0x000000060d000000, 0x000000060d400000|  0%| F|  |TAMS 0x000000060d000000| PB 0x000000060d000000| Untracked 
|  53|0x000000060d400000, 0x000000060d400000, 0x000000060d800000|  0%| F|  |TAMS 0x000000060d400000| PB 0x000000060d400000| Untracked 
|  54|0x000000060d800000, 0x000000060d800000, 0x000000060dc00000|  0%| F|  |TAMS 0x000000060d800000| PB 0x000000060d800000| Untracked 
|  55|0x000000060dc00000, 0x000000060dc00000, 0x000000060e000000|  0%| F|  |TAMS 0x000000060dc00000| PB 0x000000060dc00000| Untracked 
|  56|0x000000060e000000, 0x000000060e000000, 0x000000060e400000|  0%| F|  |TAMS 0x000000060e000000| PB 0x000000060e000000| Untracked 
|  57|0x000000060e400000, 0x000000060e400000, 0x000000060e800000|  0%| F|  |TAMS 0x000000060e400000| PB 0x000000060e400000| Untracked 
|  58|0x000000060e800000, 0x000000060e800000, 0x000000060ec00000|  0%| F|  |TAMS 0x000000060e800000| PB 0x000000060e800000| Untracked 
|  59|0x000000060ec00000, 0x000000060ec00000, 0x000000060f000000|  0%| F|  |TAMS 0x000000060ec00000| PB 0x000000060ec00000| Untracked 
|  60|0x000000060f000000, 0x000000060f000000, 0x000000060f400000|  0%| F|  |TAMS 0x000000060f000000| PB 0x000000060f000000| Untracked 
|  61|0x000000060f400000, 0x000000060f400000, 0x000000060f800000|  0%| F|  |TAMS 0x000000060f400000| PB 0x000000060f400000| Untracked 
|  62|0x000000060f800000, 0x000000060f800000, 0x000000060fc00000|  0%| F|  |TAMS 0x000000060f800000| PB 0x000000060f800000| Untracked 
|  63|0x000000060fc00000, 0x000000060fc00000, 0x0000000610000000|  0%| F|  |TAMS 0x000000060fc00000| PB 0x000000060fc00000| Untracked 
|  64|0x0000000610000000, 0x0000000610000000, 0x0000000610400000|  0%| F|  |TAMS 0x0000000610000000| PB 0x0000000610000000| Untracked 
|  65|0x0000000610400000, 0x0000000610400000, 0x0000000610800000|  0%| F|  |TAMS 0x0000000610400000| PB 0x0000000610400000| Untracked 
|  66|0x0000000610800000, 0x0000000610800000, 0x0000000610c00000|  0%| F|  |TAMS 0x0000000610800000| PB 0x0000000610800000| Untracked 
|  67|0x0000000610c00000, 0x0000000610c00000, 0x0000000611000000|  0%| F|  |TAMS 0x0000000610c00000| PB 0x0000000610c00000| Untracked 
|  68|0x0000000611000000, 0x0000000611000000, 0x0000000611400000|  0%| F|  |TAMS 0x0000000611000000| PB 0x0000000611000000| Untracked 
|  69|0x0000000611400000, 0x0000000611400000, 0x0000000611800000|  0%| F|  |TAMS 0x0000000611400000| PB 0x0000000611400000| Untracked 
|  70|0x0000000611800000, 0x0000000611800000, 0x0000000611c00000|  0%| F|  |TAMS 0x0000000611800000| PB 0x0000000611800000| Untracked 
|  71|0x0000000611c00000, 0x0000000611c00000, 0x0000000612000000|  0%| F|  |TAMS 0x0000000611c00000| PB 0x0000000611c00000| Untracked 
|  72|0x0000000612000000, 0x0000000612000000, 0x0000000612400000|  0%| F|  |TAMS 0x0000000612000000| PB 0x0000000612000000| Untracked 
|  73|0x0000000612400000, 0x0000000612400000, 0x0000000612800000|  0%| F|  |TAMS 0x0000000612400000| PB 0x0000000612400000| Untracked 
|  74|0x0000000612800000, 0x0000000612800000, 0x0000000612c00000|  0%| F|  |TAMS 0x0000000612800000| PB 0x0000000612800000| Untracked 
|  75|0x0000000612c00000, 0x0000000612c00000, 0x0000000613000000|  0%| F|  |TAMS 0x0000000612c00000| PB 0x0000000612c00000| Untracked 
|  76|0x0000000613000000, 0x0000000613000000, 0x0000000613400000|  0%| F|  |TAMS 0x0000000613000000| PB 0x0000000613000000| Untracked 
|  77|0x0000000613400000, 0x0000000613400000, 0x0000000613800000|  0%| F|  |TAMS 0x0000000613400000| PB 0x0000000613400000| Untracked 
|  78|0x0000000613800000, 0x0000000613800000, 0x0000000613c00000|  0%| F|  |TAMS 0x0000000613800000| PB 0x0000000613800000| Untracked 
|  79|0x0000000613c00000, 0x0000000613c00000, 0x0000000614000000|  0%| F|  |TAMS 0x0000000613c00000| PB 0x0000000613c00000| Untracked 
|  80|0x0000000614000000, 0x0000000614000000, 0x0000000614400000|  0%| F|  |TAMS 0x0000000614000000| PB 0x0000000614000000| Untracked 
|  81|0x0000000614400000, 0x0000000614400000, 0x0000000614800000|  0%| F|  |TAMS 0x0000000614400000| PB 0x0000000614400000| Untracked 
|  82|0x0000000614800000, 0x0000000614800000, 0x0000000614c00000|  0%| F|  |TAMS 0x0000000614800000| PB 0x0000000614800000| Untracked 
|  83|0x0000000614c00000, 0x0000000614c00000, 0x0000000615000000|  0%| F|  |TAMS 0x0000000614c00000| PB 0x0000000614c00000| Untracked 
|  84|0x0000000615000000, 0x0000000615000000, 0x0000000615400000|  0%| F|  |TAMS 0x0000000615000000| PB 0x0000000615000000| Untracked 
|  85|0x0000000615400000, 0x0000000615400000, 0x0000000615800000|  0%| F|  |TAMS 0x0000000615400000| PB 0x0000000615400000| Untracked 
|  86|0x0000000615800000, 0x0000000615800000, 0x0000000615c00000|  0%| F|  |TAMS 0x0000000615800000| PB 0x0000000615800000| Untracked 
|  87|0x0000000615c00000, 0x0000000615c00000, 0x0000000616000000|  0%| F|  |TAMS 0x0000000615c00000| PB 0x0000000615c00000| Untracked 
|  88|0x0000000616000000, 0x0000000616000000, 0x0000000616400000|  0%| F|  |TAMS 0x0000000616000000| PB 0x0000000616000000| Untracked 
|  89|0x0000000616400000, 0x0000000616400000, 0x0000000616800000|  0%| F|  |TAMS 0x0000000616400000| PB 0x0000000616400000| Untracked 
|  90|0x0000000616800000, 0x0000000616800000, 0x0000000616c00000|  0%| F|  |TAMS 0x0000000616800000| PB 0x0000000616800000| Untracked 
|  91|0x0000000616c00000, 0x0000000616c00000, 0x0000000617000000|  0%| F|  |TAMS 0x0000000616c00000| PB 0x0000000616c00000| Untracked 
|  92|0x0000000617000000, 0x0000000617000000, 0x0000000617400000|  0%| F|  |TAMS 0x0000000617000000| PB 0x0000000617000000| Untracked 
|  93|0x0000000617400000, 0x0000000617400000, 0x0000000617800000|  0%| F|  |TAMS 0x0000000617400000| PB 0x0000000617400000| Untracked 
|  94|0x0000000617800000, 0x0000000617800000, 0x0000000617c00000|  0%| F|  |TAMS 0x0000000617800000| PB 0x0000000617800000| Untracked 
|  95|0x0000000617c00000, 0x0000000617c00000, 0x0000000618000000|  0%| F|  |TAMS 0x0000000617c00000| PB 0x0000000617c00000| Untracked 
|  96|0x0000000618000000, 0x0000000618000000, 0x0000000618400000|  0%| F|  |TAMS 0x0000000618000000| PB 0x0000000618000000| Untracked 
|  97|0x0000000618400000, 0x0000000618400000, 0x0000000618800000|  0%| F|  |TAMS 0x0000000618400000| PB 0x0000000618400000| Untracked 
|  98|0x0000000618800000, 0x0000000618800000, 0x0000000618c00000|  0%| F|  |TAMS 0x0000000618800000| PB 0x0000000618800000| Untracked 
|  99|0x0000000618c00000, 0x0000000618c00000, 0x0000000619000000|  0%| F|  |TAMS 0x0000000618c00000| PB 0x0000000618c00000| Untracked 
| 100|0x0000000619000000, 0x0000000619000000, 0x0000000619400000|  0%| F|  |TAMS 0x0000000619000000| PB 0x0000000619000000| Untracked 
| 101|0x0000000619400000, 0x0000000619400000, 0x0000000619800000|  0%| F|  |TAMS 0x0000000619400000| PB 0x0000000619400000| Untracked 
| 102|0x0000000619800000, 0x0000000619800000, 0x0000000619c00000|  0%| F|  |TAMS 0x0000000619800000| PB 0x0000000619800000| Untracked 
| 103|0x0000000619c00000, 0x0000000619c00000, 0x000000061a000000|  0%| F|  |TAMS 0x0000000619c00000| PB 0x0000000619c00000| Untracked 
| 104|0x000000061a000000, 0x000000061a000000, 0x000000061a400000|  0%| F|  |TAMS 0x000000061a000000| PB 0x000000061a000000| Untracked 
| 105|0x000000061a400000, 0x000000061a400000, 0x000000061a800000|  0%| F|  |TAMS 0x000000061a400000| PB 0x000000061a400000| Untracked 
| 106|0x000000061a800000, 0x000000061a800000, 0x000000061ac00000|  0%| F|  |TAMS 0x000000061a800000| PB 0x000000061a800000| Untracked 
| 107|0x000000061ac00000, 0x000000061ac00000, 0x000000061b000000|  0%| F|  |TAMS 0x000000061ac00000| PB 0x000000061ac00000| Untracked 
| 108|0x000000061b000000, 0x000000061b000000, 0x000000061b400000|  0%| F|  |TAMS 0x000000061b000000| PB 0x000000061b000000| Untracked 
| 109|0x000000061b400000, 0x000000061b400000, 0x000000061b800000|  0%| F|  |TAMS 0x000000061b400000| PB 0x000000061b400000| Untracked 
| 110|0x000000061b800000, 0x000000061b800000, 0x000000061bc00000|  0%| F|  |TAMS 0x000000061b800000| PB 0x000000061b800000| Untracked 
| 111|0x000000061bc00000, 0x000000061bc00000, 0x000000061c000000|  0%| F|  |TAMS 0x000000061bc00000| PB 0x000000061bc00000| Untracked 
| 112|0x000000061c000000, 0x000000061c000000, 0x000000061c400000|  0%| F|  |TAMS 0x000000061c000000| PB 0x000000061c000000| Untracked 
| 113|0x000000061c400000, 0x000000061c400000, 0x000000061c800000|  0%| F|  |TAMS 0x000000061c400000| PB 0x000000061c400000| Untracked 
| 114|0x000000061c800000, 0x000000061c800000, 0x000000061cc00000|  0%| F|  |TAMS 0x000000061c800000| PB 0x000000061c800000| Untracked 
| 115|0x000000061cc00000, 0x000000061cc00000, 0x000000061d000000|  0%| F|  |TAMS 0x000000061cc00000| PB 0x000000061cc00000| Untracked 
| 116|0x000000061d000000, 0x000000061d000000, 0x000000061d400000|  0%| F|  |TAMS 0x000000061d000000| PB 0x000000061d000000| Untracked 
| 117|0x000000061d400000, 0x000000061d400000, 0x000000061d800000|  0%| F|  |TAMS 0x000000061d400000| PB 0x000000061d400000| Untracked 
| 118|0x000000061d800000, 0x000000061d800000, 0x000000061dc00000|  0%| F|  |TAMS 0x000000061d800000| PB 0x000000061d800000| Untracked 
| 119|0x000000061dc00000, 0x000000061dc00000, 0x000000061e000000|  0%| F|  |TAMS 0x000000061dc00000| PB 0x000000061dc00000| Untracked 
| 120|0x000000061e000000, 0x000000061e000000, 0x000000061e400000|  0%| F|  |TAMS 0x000000061e000000| PB 0x000000061e000000| Untracked 
| 121|0x000000061e400000, 0x000000061e400000, 0x000000061e800000|  0%| F|  |TAMS 0x000000061e400000| PB 0x000000061e400000| Untracked 
| 122|0x000000061e800000, 0x000000061e800000, 0x000000061ec00000|  0%| F|  |TAMS 0x000000061e800000| PB 0x000000061e800000| Untracked 
| 123|0x000000061ec00000, 0x000000061ec00000, 0x000000061f000000|  0%| F|  |TAMS 0x000000061ec00000| PB 0x000000061ec00000| Untracked 
| 124|0x000000061f000000, 0x000000061f000000, 0x000000061f400000|  0%| F|  |TAMS 0x000000061f000000| PB 0x000000061f000000| Untracked 
| 125|0x000000061f400000, 0x000000061f400000, 0x000000061f800000|  0%| F|  |TAMS 0x000000061f400000| PB 0x000000061f400000| Untracked 
| 126|0x000000061f800000, 0x000000061f800000, 0x000000061fc00000|  0%| F|  |TAMS 0x000000061f800000| PB 0x000000061f800000| Untracked 
| 127|0x000000061fc00000, 0x000000061fc00000, 0x0000000620000000|  0%| F|  |TAMS 0x000000061fc00000| PB 0x000000061fc00000| Untracked 
| 128|0x0000000620000000, 0x0000000620000000, 0x0000000620400000|  0%| F|  |TAMS 0x0000000620000000| PB 0x0000000620000000| Untracked 
| 129|0x0000000620400000, 0x0000000620400000, 0x0000000620800000|  0%| F|  |TAMS 0x0000000620400000| PB 0x0000000620400000| Untracked 
| 130|0x0000000620800000, 0x0000000620800000, 0x0000000620c00000|  0%| F|  |TAMS 0x0000000620800000| PB 0x0000000620800000| Untracked 
| 131|0x0000000620c00000, 0x0000000620f681e8, 0x0000000621000000| 85%| E|  |TAMS 0x0000000620c00000| PB 0x0000000620c00000| Complete 
| 132|0x0000000621000000, 0x0000000621400000, 0x0000000621400000|100%| E|CS|TAMS 0x0000000621000000| PB 0x0000000621000000| Complete 
| 133|0x0000000621400000, 0x0000000621800000, 0x0000000621800000|100%| E|CS|TAMS 0x0000000621400000| PB 0x0000000621400000| Complete 
| 134|0x0000000621800000, 0x0000000621c00000, 0x0000000621c00000|100%| E|CS|TAMS 0x0000000621800000| PB 0x0000000621800000| Complete 
| 135|0x0000000621c00000, 0x0000000622000000, 0x0000000622000000|100%| E|CS|TAMS 0x0000000621c00000| PB 0x0000000621c00000| Complete 
| 136|0x0000000622000000, 0x0000000622400000, 0x0000000622400000|100%| E|CS|TAMS 0x0000000622000000| PB 0x0000000622000000| Complete 
| 137|0x0000000622400000, 0x0000000622800000, 0x0000000622800000|100%| E|CS|TAMS 0x0000000622400000| PB 0x0000000622400000| Complete 
| 138|0x0000000622800000, 0x0000000622c00000, 0x0000000622c00000|100%| E|CS|TAMS 0x0000000622800000| PB 0x0000000622800000| Complete 
| 139|0x0000000622c00000, 0x0000000623000000, 0x0000000623000000|100%| E|CS|TAMS 0x0000000622c00000| PB 0x0000000622c00000| Complete 
| 140|0x0000000623000000, 0x0000000623400000, 0x0000000623400000|100%| E|CS|TAMS 0x0000000623000000| PB 0x0000000623000000| Complete 
| 141|0x0000000623400000, 0x0000000623800000, 0x0000000623800000|100%| E|CS|TAMS 0x0000000623400000| PB 0x0000000623400000| Complete 
| 142|0x0000000623800000, 0x0000000623c00000, 0x0000000623c00000|100%| E|CS|TAMS 0x0000000623800000| PB 0x0000000623800000| Complete 
| 143|0x0000000623c00000, 0x0000000624000000, 0x0000000624000000|100%| E|CS|TAMS 0x0000000623c00000| PB 0x0000000623c00000| Complete 
| 144|0x0000000624000000, 0x0000000624400000, 0x0000000624400000|100%| E|CS|TAMS 0x0000000624000000| PB 0x0000000624000000| Complete 
| 145|0x0000000624400000, 0x0000000624800000, 0x0000000624800000|100%| E|CS|TAMS 0x0000000624400000| PB 0x0000000624400000| Complete 
| 146|0x0000000624800000, 0x0000000624c00000, 0x0000000624c00000|100%| E|CS|TAMS 0x0000000624800000| PB 0x0000000624800000| Complete 
| 147|0x0000000624c00000, 0x0000000625000000, 0x0000000625000000|100%| E|CS|TAMS 0x0000000624c00000| PB 0x0000000624c00000| Complete 
| 148|0x0000000625000000, 0x0000000625400000, 0x0000000625400000|100%| E|CS|TAMS 0x0000000625000000| PB 0x0000000625000000| Complete 
| 149|0x0000000625400000, 0x0000000625800000, 0x0000000625800000|100%| E|CS|TAMS 0x0000000625400000| PB 0x0000000625400000| Complete 
| 150|0x0000000625800000, 0x0000000625c00000, 0x0000000625c00000|100%| E|CS|TAMS 0x0000000625800000| PB 0x0000000625800000| Complete 
| 151|0x0000000625c00000, 0x0000000626000000, 0x0000000626000000|100%| E|CS|TAMS 0x0000000625c00000| PB 0x0000000625c00000| Complete 
| 152|0x0000000626000000, 0x0000000626400000, 0x0000000626400000|100%| S|CS|TAMS 0x0000000626000000| PB 0x0000000626000000| Complete 
| 153|0x0000000626400000, 0x0000000626800000, 0x0000000626800000|100%| E|CS|TAMS 0x0000000626400000| PB 0x0000000626400000| Complete 
| 154|0x0000000626800000, 0x0000000626c00000, 0x0000000626c00000|100%| E|CS|TAMS 0x0000000626800000| PB 0x0000000626800000| Complete 
| 155|0x0000000626c00000, 0x0000000627000000, 0x0000000627000000|100%| E|CS|TAMS 0x0000000626c00000| PB 0x0000000626c00000| Complete 
| 156|0x0000000627000000, 0x0000000627400000, 0x0000000627400000|100%| E|CS|TAMS 0x0000000627000000| PB 0x0000000627000000| Complete 
| 157|0x0000000627400000, 0x0000000627800000, 0x0000000627800000|100%| E|CS|TAMS 0x0000000627400000| PB 0x0000000627400000| Complete 
| 158|0x0000000627800000, 0x0000000627c00000, 0x0000000627c00000|100%| E|CS|TAMS 0x0000000627800000| PB 0x0000000627800000| Complete 
| 159|0x0000000627c00000, 0x0000000628000000, 0x0000000628000000|100%| E|CS|TAMS 0x0000000627c00000| PB 0x0000000627c00000| Complete 
|2044|0x00000007ff000000, 0x00000007ff400000, 0x00000007ff400000|100%| O|  |TAMS 0x00000007ff000000| PB 0x00000007ff000000| Untracked 
|2045|0x00000007ff400000, 0x00000007ff800000, 0x00000007ff800000|100%| O|  |TAMS 0x00000007ff400000| PB 0x00000007ff400000| Untracked 
|2046|0x00000007ff800000, 0x00000007ffc00000, 0x00000007ffc00000|100%| O|  |TAMS 0x00000007ff800000| PB 0x00000007ff800000| Untracked 
|2047|0x00000007ffc00000, 0x0000000800000000, 0x0000000800000000|100%| O|  |TAMS 0x00000007ffc00000| PB 0x00000007ffc00000| Untracked 

Card table byte_map: [0x0000028ad2240000,0x0000028ad3240000] _byte_map_base: 0x0000028acf240000

Marking Bits: (CMBitMap*) 0x0000028aa69c62f0
 Bits: [0x0000028ad3240000, 0x0000028adb240000)

Polling page: 0x0000028aa66c0000

Metaspace:

Usage:
  Non-class:    104.46 MB used.
      Class:     16.57 MB used.
       Both:    121.02 MB used.

Virtual space:
  Non-class space:      128.00 MB reserved,     105.88 MB ( 83%) committed,  2 nodes.
      Class space:        1.00 GB reserved,      17.94 MB (  2%) committed,  1 nodes.
             Both:        1.12 GB reserved,     123.81 MB ( 11%) committed. 

Chunk freelists:
   Non-Class:  5.97 MB
       Class:  14.06 MB
        Both:  20.03 MB

MaxMetaspaceSize: 4.00 GB
CompressedClassSpaceSize: 1.00 GB
Initial GC threshold: 21.00 MB
Current GC threshold: 180.12 MB
CDS: on
 - commit_granule_bytes: 65536.
 - commit_granule_words: 8192.
 - virtual_space_node_default_size: 8388608.
 - enlarge_chunks_in_place: 1.
 - use_allocation_guard: 0.


Internal statistics:

num_allocs_failed_limit: 9.
num_arena_births: 5178.
num_arena_deaths: 0.
num_vsnodes_births: 3.
num_vsnodes_deaths: 0.
num_space_committed: 1979.
num_space_uncommitted: 0.
num_chunks_returned_to_freelist: 9.
num_chunks_taken_from_freelist: 10971.
num_chunk_merges: 9.
num_chunk_splits: 7243.
num_chunks_enlarged: 4557.
num_inconsistent_stats: 0.

CodeHeap 'non-profiled nmethods': size=259264Kb used=7379Kb max_used=7379Kb free=251885Kb
 bounds [0x0000028ac0670000, 0x0000028ac0db0000, 0x0000028ad03a0000]
CodeHeap 'profiled nmethods': size=259264Kb used=23204Kb max_used=23204Kb free=236060Kb
 bounds [0x0000028ab03a0000, 0x0000028ab1a50000, 0x0000028ac00d0000]
CodeHeap 'non-nmethods': size=5760Kb used=3274Kb max_used=3299Kb free=2485Kb
 bounds [0x0000028ac00d0000, 0x0000028ac0420000, 0x0000028ac0670000]
 total_blobs=13214 nmethods=12162 adapters=956
 compilation: enabled
              stopped_count=0, restarted_count=0
 full_count=0

Compilation events (20 events):
Event: 143.520 Thread 0x0000028add5c4050 14537       3       org.jetbrains.kotlin.container.StorageComponentContainer::registerDescriptors$container (20 bytes)
Event: 143.520 Thread 0x0000028add5c4050 nmethod 14537 0x0000028ab1a39090 code [0x0000028ab1a392e0, 0x0000028ab1a39b20]
Event: 143.522 Thread 0x0000028add5c4050 14539       1       org.jetbrains.kotlin.container.SetterInfo::getParameters (5 bytes)
Event: 143.522 Thread 0x0000028add5c4050 nmethod 14539 0x0000028ac0da4310 code [0x0000028ac0da44a0, 0x0000028ac0da4570]
Event: 143.523 Thread 0x0000028add5c4050 14540       3       org.jetbrains.kotlin.container.SingletonTypeComponentDescriptor::<init> (23 bytes)
Event: 143.523 Thread 0x0000028add5c4050 nmethod 14540 0x0000028ab1a39e10 code [0x0000028ab1a3a160, 0x0000028ab1a3b430]
Event: 143.523 Thread 0x0000028add5c4050 14542       3       org.jetbrains.kotlin.container.SingletonTypeComponentDescriptor::getDependencies (175 bytes)
Event: 143.524 Thread 0x0000028add5c4050 nmethod 14542 0x0000028ab1a3ba90 code [0x0000028ab1a3be60, 0x0000028ab1a3d840]
Event: 143.524 Thread 0x0000028add5c4050 14544       3       org.jetbrains.kotlin.container.ResolveKt::bindArguments (155 bytes)
Event: 143.525 Thread 0x0000028add5c4050 nmethod 14544 0x0000028ab1a3e010 code [0x0000028ab1a3e400, 0x0000028ab1a3fe50]
Event: 143.526 Thread 0x0000028add5c4050 14547       3       org.jetbrains.kotlin.container.ResolveKt::computeArguments (103 bytes)
Event: 143.526 Thread 0x0000028add5c4050 nmethod 14547 0x0000028ab1a40810 code [0x0000028ab1a40ba0, 0x0000028ab1a42408]
Event: 143.526 Thread 0x0000028add5c4050 14546       3       org.jetbrains.kotlin.container.StorageComponentContainer::createResolveContext (40 bytes)
Event: 143.527 Thread 0x0000028add5c4050 nmethod 14546 0x0000028ab1a42c10 code [0x0000028ab1a42ea0, 0x0000028ab1a439b8]
Event: 143.527 Thread 0x0000028add5c4050 14541       3       org.jetbrains.kotlin.container.SingletonDescriptor::<init> (35 bytes)
Event: 143.527 Thread 0x0000028add5c4050 nmethod 14541 0x0000028ab1a43d90 code [0x0000028ab1a44000, 0x0000028ab1a44910]
Event: 143.527 Thread 0x0000028add5c4050 14545       1       org.jetbrains.kotlin.resolve.ImportPath::getFqName (5 bytes)
Event: 143.527 Thread 0x0000028add5c4050 nmethod 14545 0x0000028ac0da4610 code [0x0000028ac0da47a0, 0x0000028ac0da4870]
Event: 143.527 Thread 0x0000028add5c4050 14548       1       org.jetbrains.kotlin.container.SetterInfo::component1 (5 bytes)
Event: 143.527 Thread 0x0000028add5c4050 nmethod 14548 0x0000028ac0da4910 code [0x0000028ac0da4aa0, 0x0000028ac0da4b70]

GC Heap History (20 events):
Event: 77.440 GC heap before
{Heap before GC invocations=30 (full 0):
 garbage-first heap   total 208896K, used 173681K [0x0000000600000000, 0x0000000800000000)
  region size 4096K, 23 young (94208K), 1 survivors (4096K)
 Metaspace       used 81679K, committed 83968K, reserved 1179648K
  class space    used 11481K, committed 12608K, reserved 1048576K
}
Event: 77.450 GC heap after
{Heap after GC invocations=31 (full 0):
 garbage-first heap   total 208896K, used 90778K [0x0000000600000000, 0x0000000800000000)
  region size 4096K, 2 young (8192K), 2 survivors (8192K)
 Metaspace       used 81679K, committed 83968K, reserved 1179648K
  class space    used 11481K, committed 12608K, reserved 1048576K
}
Event: 87.502 GC heap before
{Heap before GC invocations=31 (full 0):
 garbage-first heap   total 208896K, used 172698K [0x0000000600000000, 0x0000000800000000)
  region size 4096K, 23 young (94208K), 2 survivors (8192K)
 Metaspace       used 86190K, committed 88448K, reserved 1179648K
  class space    used 12453K, committed 13568K, reserved 1048576K
}
Event: 87.526 GC heap after
{Heap after GC invocations=32 (full 0):
 garbage-first heap   total 208896K, used 105154K [0x0000000600000000, 0x0000000800000000)
  region size 4096K, 3 young (12288K), 3 survivors (12288K)
 Metaspace       used 86190K, committed 88448K, reserved 1179648K
  class space    used 12453K, committed 13568K, reserved 1048576K
}
Event: 98.148 GC heap before
{Heap before GC invocations=32 (full 0):
 garbage-first heap   total 208896K, used 174786K [0x0000000600000000, 0x0000000800000000)
  region size 4096K, 21 young (86016K), 3 survivors (12288K)
 Metaspace       used 91803K, committed 94144K, reserved 1179648K
  class space    used 13115K, committed 14272K, reserved 1048576K
}
Event: 98.189 GC heap after
{Heap after GC invocations=33 (full 0):
 garbage-first heap   total 208896K, used 114529K [0x0000000600000000, 0x0000000800000000)
  region size 4096K, 3 young (12288K), 3 survivors (12288K)
 Metaspace       used 91803K, committed 94144K, reserved 1179648K
  class space    used 13115K, committed 14272K, reserved 1048576K
}
Event: 99.845 GC heap before
{Heap before GC invocations=34 (full 0):
 garbage-first heap   total 241664K, used 175969K [0x0000000600000000, 0x0000000800000000)
  region size 4096K, 18 young (73728K), 3 survivors (12288K)
 Metaspace       used 94848K, committed 97152K, reserved 1179648K
  class space    used 13528K, committed 14656K, reserved 1048576K
}
Event: 99.864 GC heap after
{Heap after GC invocations=35 (full 0):
 garbage-first heap   total 241664K, used 120026K [0x0000000600000000, 0x0000000800000000)
  region size 4096K, 2 young (8192K), 2 survivors (8192K)
 Metaspace       used 94848K, committed 97152K, reserved 1179648K
  class space    used 13528K, committed 14656K, reserved 1048576K
}
Event: 99.993 GC heap before
{Heap before GC invocations=35 (full 0):
 garbage-first heap   total 241664K, used 124122K [0x0000000600000000, 0x0000000800000000)
  region size 4096K, 3 young (12288K), 2 survivors (8192K)
 Metaspace       used 95162K, committed 97472K, reserved 1179648K
  class space    used 13561K, committed 14720K, reserved 1048576K
}
Event: 100.011 GC heap after
{Heap after GC invocations=36 (full 0):
 garbage-first heap   total 241664K, used 118558K [0x0000000600000000, 0x0000000800000000)
  region size 4096K, 1 young (4096K), 1 survivors (4096K)
 Metaspace       used 95162K, committed 97472K, reserved 1179648K
  class space    used 13561K, committed 14720K, reserved 1048576K
}
Event: 104.225 GC heap before
{Heap before GC invocations=36 (full 0):
 garbage-first heap   total 241664K, used 200478K [0x0000000600000000, 0x0000000800000000)
  region size 4096K, 22 young (90112K), 1 survivors (4096K)
 Metaspace       used 100422K, committed 102784K, reserved 1179648K
  class space    used 14282K, committed 15424K, reserved 1048576K
}
Event: 104.243 GC heap after
{Heap after GC invocations=37 (full 0):
 garbage-first heap   total 241664K, used 124075K [0x0000000600000000, 0x0000000800000000)
  region size 4096K, 2 young (8192K), 2 survivors (8192K)
 Metaspace       used 100422K, committed 102784K, reserved 1179648K
  class space    used 14282K, committed 15424K, reserved 1048576K
}
Event: 106.447 GC heap before
{Heap before GC invocations=37 (full 0):
 garbage-first heap   total 241664K, used 201899K [0x0000000600000000, 0x0000000800000000)
  region size 4096K, 22 young (90112K), 2 survivors (8192K)
 Metaspace       used 108174K, committed 110656K, reserved 1179648K
  class space    used 15255K, committed 16448K, reserved 1048576K
}
Event: 106.463 GC heap after
{Heap after GC invocations=38 (full 0):
 garbage-first heap   total 241664K, used 126993K [0x0000000600000000, 0x0000000800000000)
  region size 4096K, 3 young (12288K), 3 survivors (12288K)
 Metaspace       used 108174K, committed 110656K, reserved 1179648K
  class space    used 15255K, committed 16448K, reserved 1048576K
}
Event: 111.269 GC heap before
{Heap before GC invocations=39 (full 0):
 garbage-first heap   total 241664K, used 225297K [0x0000000600000000, 0x0000000800000000)
  region size 4096K, 23 young (94208K), 3 survivors (12288K)
 Metaspace       used 111052K, committed 113600K, reserved 1179648K
  class space    used 15584K, committed 16832K, reserved 1048576K
}
Event: 111.440 GC heap after
{Heap after GC invocations=40 (full 0):
 garbage-first heap   total 258048K, used 143755K [0x0000000600000000, 0x0000000800000000)
  region size 4096K, 3 young (12288K), 3 survivors (12288K)
 Metaspace       used 111052K, committed 113600K, reserved 1179648K
  class space    used 15584K, committed 16832K, reserved 1048576K
}
Event: 111.464 GC heap before
{Heap before GC invocations=40 (full 0):
 garbage-first heap   total 258048K, used 147851K [0x0000000600000000, 0x0000000800000000)
  region size 4096K, 4 young (16384K), 3 survivors (12288K)
 Metaspace       used 111052K, committed 113600K, reserved 1179648K
  class space    used 15584K, committed 16832K, reserved 1048576K
}
Event: 111.574 GC heap after
{Heap after GC invocations=41 (full 0):
 garbage-first heap   total 671744K, used 145897K [0x0000000600000000, 0x0000000800000000)
  region size 4096K, 1 young (4096K), 1 survivors (4096K)
 Metaspace       used 111052K, committed 113600K, reserved 1179648K
  class space    used 15584K, committed 16832K, reserved 1048576K
}
Event: 113.976 GC heap before
{Heap before GC invocations=41 (full 0):
 garbage-first heap   total 671744K, used 174569K [0x0000000600000000, 0x0000000800000000)
  region size 4096K, 8 young (32768K), 1 survivors (4096K)
 Metaspace       used 111758K, committed 114240K, reserved 1179648K
  class space    used 15655K, committed 16896K, reserved 1048576K
}
Event: 114.081 GC heap after
{Heap after GC invocations=42 (full 0):
 garbage-first heap   total 671744K, used 150718K [0x0000000600000000, 0x0000000800000000)
  region size 4096K, 1 young (4096K), 1 survivors (4096K)
 Metaspace       used 111758K, committed 114240K, reserved 1179648K
  class space    used 15655K, committed 16896K, reserved 1048576K
}

Dll operation events (17 events):
Event: 0.220 Loaded shared library N:\Windows Files\DevTools\java\bin\java.dll
Event: 0.278 Loaded shared library N:\Windows Files\DevTools\java\bin\jsvml.dll
Event: 0.364 Loaded shared library N:\Windows Files\DevTools\java\bin\zip.dll
Event: 0.372 Loaded shared library N:\Windows Files\DevTools\java\bin\instrument.dll
Event: 0.385 Loaded shared library N:\Windows Files\DevTools\java\bin\net.dll
Event: 0.391 Loaded shared library N:\Windows Files\DevTools\java\bin\nio.dll
Event: 0.397 Loaded shared library N:\Windows Files\DevTools\java\bin\zip.dll
Event: 0.786 Loaded shared library N:\Windows Files\DevTools\java\bin\jimage.dll
Event: 0.954 Loaded shared library N:\Windows Files\DevTools\java\bin\verify.dll
Event: 1.178 Loaded shared library C:\Users\nibin\.gradle\native\1def1411415f61bf3af743bc5b6707747c0891f09f0c88961ee8f79bc544acac\windows-amd64\native-platform.dll
Event: 1.196 Loaded shared library C:\Users\nibin\.gradle\native\0.2.5\x86_64-windows-gnu\gradle-fileevents.dll
Event: 3.172 Loaded shared library N:\Windows Files\DevTools\java\bin\management.dll
Event: 3.183 Loaded shared library N:\Windows Files\DevTools\java\bin\management_ext.dll
Event: 3.801 Loaded shared library N:\Windows Files\DevTools\java\bin\extnet.dll
Event: 6.264 Loaded shared library N:\Windows Files\DevTools\java\bin\sunmscapi.dll
Event: 7.607 Loaded shared library C:\Users\nibin\AppData\Local\Temp\native-platform2732922019324410540dir\gradle-fileevents.dll
Event: 35.018 Loaded shared library N:\Windows Files\DevTools\java\bin\rmi.dll

Deoptimization events (20 events):
Event: 136.342 Thread 0x0000028b2384b9d0 Uncommon trap: trap_request=0xffffffde fr.pc=0x0000028ac0685bd0 relative=0x00000000000001b0
Event: 136.342 Thread 0x0000028b2384b9d0 Uncommon trap: reason=class_check action=maybe_recompile pc=0x0000028ac0685bd0 method=java.lang.String.equals(Ljava/lang/Object;)Z @ 8 c2
Event: 136.342 Thread 0x0000028b2384b9d0 DEOPT PACKING pc=0x0000028ac0685bd0 sp=0x000000cf6f7fda70
Event: 136.342 Thread 0x0000028b2384b9d0 DEOPT UNPACKING pc=0x0000028ac0127da2 sp=0x000000cf6f7fda08 mode 2
Event: 136.342 Thread 0x0000028b2384b9d0 Uncommon trap: trap_request=0xffffffde fr.pc=0x0000028ac0685bd0 relative=0x00000000000001b0
Event: 136.342 Thread 0x0000028b2384b9d0 Uncommon trap: reason=class_check action=maybe_recompile pc=0x0000028ac0685bd0 method=java.lang.String.equals(Ljava/lang/Object;)Z @ 8 c2
Event: 136.342 Thread 0x0000028b2384b9d0 DEOPT PACKING pc=0x0000028ac0685bd0 sp=0x000000cf6f7fda70
Event: 136.342 Thread 0x0000028b2384b9d0 DEOPT UNPACKING pc=0x0000028ac0127da2 sp=0x000000cf6f7fda08 mode 2
Event: 136.342 Thread 0x0000028b2384b9d0 Uncommon trap: trap_request=0xffffffbe fr.pc=0x0000028ac0b958f0 relative=0x0000000000001090
Event: 136.342 Thread 0x0000028b2384b9d0 Uncommon trap: reason=profile_predicate action=maybe_recompile pc=0x0000028ac0b958f0 method=java.io.ObjectStreamClass$FieldReflector.getPrimFieldValues(Ljava/lang/Object;[B)V @ 19 c2
Event: 136.342 Thread 0x0000028b2384b9d0 DEOPT PACKING pc=0x0000028ac0b958f0 sp=0x000000cf6f7fdcd0
Event: 136.342 Thread 0x0000028b2384b9d0 DEOPT UNPACKING pc=0x0000028ac0127da2 sp=0x000000cf6f7fdb70 mode 2
Event: 136.342 Thread 0x0000028b2384b9d0 Uncommon trap: trap_request=0xffffffbe fr.pc=0x0000028ac0b958f0 relative=0x0000000000001090
Event: 136.342 Thread 0x0000028b2384b9d0 Uncommon trap: reason=profile_predicate action=maybe_recompile pc=0x0000028ac0b958f0 method=java.io.ObjectStreamClass$FieldReflector.getPrimFieldValues(Ljava/lang/Object;[B)V @ 19 c2
Event: 136.342 Thread 0x0000028b2384b9d0 DEOPT PACKING pc=0x0000028ac0b958f0 sp=0x000000cf6f7fdcd0
Event: 136.342 Thread 0x0000028b2384b9d0 DEOPT UNPACKING pc=0x0000028ac0127da2 sp=0x000000cf6f7fdb70 mode 2
Event: 141.048 Thread 0x0000028b238491b0 Uncommon trap: trap_request=0xffffff45 fr.pc=0x0000028ac0d95ea8 relative=0x00000000000021e8
Event: 141.048 Thread 0x0000028b238491b0 Uncommon trap: reason=unstable_if action=reinterpret pc=0x0000028ac0d95ea8 method=java.lang.invoke.DirectMethodHandle.ftypeKind(Ljava/lang/Class;)I @ 19 c2
Event: 141.048 Thread 0x0000028b238491b0 DEOPT PACKING pc=0x0000028ac0d95ea8 sp=0x000000cf6f6f1760
Event: 141.095 Thread 0x0000028b238491b0 DEOPT UNPACKING pc=0x0000028ac0127da2 sp=0x000000cf6f6f15b0 mode 2

Classes loaded (20 events):
Event: 109.168 Loading class sun/nio/ch/Util$4
Event: 109.170 Loading class sun/nio/ch/Util$4 done
Event: 109.324 Loading class java/io/UTFDataFormatException
Event: 109.327 Loading class java/io/UTFDataFormatException done
Event: 112.047 Loading class java/nio/channels/Channels$ReadableByteChannelImpl
Event: 112.048 Loading class java/nio/channels/Channels$ReadableByteChannelImpl done
Event: 112.060 Loading class java/nio/channels/NonWritableChannelException
Event: 112.060 Loading class java/nio/channels/NonWritableChannelException done
Event: 129.331 Loading class java/io/PrintWriter$1
Event: 129.332 Loading class jdk/internal/access/JavaIOPrintWriterAccess
Event: 129.333 Loading class jdk/internal/access/JavaIOPrintWriterAccess done
Event: 129.333 Loading class java/io/PrintWriter$1 done
Event: 129.333 Loading class java/lang/Throwable$WrappedPrintWriter
Event: 129.333 Loading class java/lang/Throwable$PrintStreamOrWriter
Event: 129.333 Loading class java/lang/Throwable$PrintStreamOrWriter done
Event: 129.333 Loading class java/lang/Throwable$WrappedPrintWriter done
Event: 129.334 Loading class java/lang/StackTraceElement$HashedModules
Event: 129.334 Loading class java/lang/StackTraceElement$HashedModules done
Event: 136.343 Loading class java/util/Collections$EmptyListIterator
Event: 136.344 Loading class java/util/Collections$EmptyListIterator done

Classes unloaded (0 events):
No events

Classes redefined (0 events):
No events

Internal exceptions (20 events):
Event: 105.244 Thread 0x0000028b238491b0 Exception <a 'java/lang/NoSuchMethodError'{0x000000060be8d170}: 'void java.lang.invoke.DelegatingMethodHandle$Holder.reinvoke_L(java.lang.Object, java.lang.Object, java.lang.Object, long, java.lang.Object)'> (0x000000060be8d170) 
thrown [s\open\src\hotspot\share\interpreter\linkResolver.cpp, line 773]
Event: 105.246 Thread 0x0000028b238491b0 Exception <a 'java/lang/NoSuchMethodError'{0x000000060be95b20}: 'java.lang.Object java.lang.invoke.DirectMethodHandle$Holder.invokeSpecial(java.lang.Object, java.lang.Object, java.lang.Object, java.lang.Object, long)'> (0x000000060be95b20) 
thrown [s\open\src\hotspot\share\interpreter\linkResolver.cpp, line 773]
Event: 105.247 Thread 0x0000028b238491b0 Exception <a 'java/lang/NoSuchMethodError'{0x000000060bea5e40}: 'int java.lang.invoke.DelegatingMethodHandle$Holder.reinvoke_L(java.lang.Object, java.lang.Object, java.lang.Object, long, java.lang.Object, java.lang.Object)'> (0x000000060bea5e40) 
thrown [s\open\src\hotspot\share\interpreter\linkResolver.cpp, line 773]
Event: 105.248 Thread 0x0000028b238491b0 Exception <a 'java/lang/NoSuchMethodError'{0x000000060beb5dd0}: 'int java.lang.invoke.DelegatingMethodHandle$Holder.reinvoke_L(java.lang.Object, java.lang.Object, java.lang.Object, long, int, int)'> (0x000000060beb5dd0) 
thrown [s\open\src\hotspot\share\interpreter\linkResolver.cpp, line 773]
Event: 105.249 Thread 0x0000028b238491b0 Exception <a 'java/lang/NoSuchMethodError'{0x000000060bec57b0}: 'int java.lang.invoke.DelegatingMethodHandle$Holder.reinvoke_L(java.lang.Object, java.lang.Object, java.lang.Object, long, long, long)'> (0x000000060bec57b0) 
thrown [s\open\src\hotspot\share\interpreter\linkResolver.cpp, line 773]
Event: 105.249 Thread 0x0000028b238491b0 Exception <a 'java/lang/NoSuchMethodError'{0x000000060bed4e78}: 'int java.lang.invoke.DelegatingMethodHandle$Holder.reinvoke_L(java.lang.Object, java.lang.Object, java.lang.Object, long, int)'> (0x000000060bed4e78) 
thrown [s\open\src\hotspot\share\interpreter\linkResolver.cpp, line 773]
Event: 105.251 Thread 0x0000028b238491b0 Exception <a 'java/lang/NoSuchMethodError'{0x000000060beeb308}: 'void java.lang.invoke.DelegatingMethodHandle$Holder.reinvoke_L(java.lang.Object, java.lang.Object, java.lang.Object, long, java.lang.Object, long, long)'> (0x000000060beeb308) 
thrown [s\open\src\hotspot\share\interpreter\linkResolver.cpp, line 773]
Event: 105.251 Thread 0x0000028b238491b0 Exception <a 'java/lang/NoSuchMethodError'{0x000000060bef3980}: 'long java.lang.invoke.Invokers$Holder.invokeExact_MT(java.lang.Object, java.lang.Object, java.lang.Object)'> (0x000000060bef3980) 
thrown [s\open\src\hotspot\share\interpreter\linkResolver.cpp, line 773]
Event: 105.252 Thread 0x0000028b238491b0 Exception <a 'java/lang/NoSuchMethodError'{0x000000060bef8c58}: 'int java.lang.invoke.Invokers$Holder.invokeExact_MT(java.lang.Object, java.lang.Object, java.lang.Object)'> (0x000000060bef8c58) 
thrown [s\open\src\hotspot\share\interpreter\linkResolver.cpp, line 773]
Event: 106.437 Thread 0x0000028b238491b0 Exception <a 'java/lang/NoSuchMethodError'{0x00000006098f7390}: 'java.lang.Object java.lang.invoke.DirectMethodHandle$Holder.invokeStatic(java.lang.Object, java.lang.Object, java.lang.Object, java.lang.Object, int, java.lang.Object)'> (0x00000006098f7390) 
thrown [s\open\src\hotspot\share\interpreter\linkResolver.cpp, line 773]
Event: 108.268 Thread 0x0000028b238491b0 Exception <a 'java/lang/NoSuchMethodError'{0x000000060d574178}: 'java.lang.Object java.lang.invoke.Invokers$Holder.invokeExact_MT(java.lang.Object, java.lang.Object, long, java.lang.Object)'> (0x000000060d574178) 
thrown [s\open\src\hotspot\share\interpreter\linkResolver.cpp, line 773]
Event: 109.187 Thread 0x0000028b238491b0 Exception <a 'java/lang/NoSuchMethodError'{0x000000060d7d6fb0}: 'long java.lang.invoke.DirectMethodHandle$Holder.invokeStatic(java.lang.Object, java.lang.Object, int)'> (0x000000060d7d6fb0) 
thrown [s\open\src\hotspot\share\interpreter\linkResolver.cpp, line 773]
Event: 109.189 Thread 0x0000028b238491b0 Exception <a 'java/lang/NoSuchMethodError'{0x000000060d7e37a0}: 'java.lang.Object java.lang.invoke.DelegatingMethodHandle$Holder.reinvoke_L(java.lang.Object, int, long, java.lang.Object, java.lang.Object, int, java.lang.Object)'> (0x000000060d7e37a0) 
thrown [s\open\src\hotspot\share\interpreter\linkResolver.cpp, line 773]
Event: 128.333 Thread 0x0000028b24cfea90 Exception <a 'java/io/IOException'{0x0000000624c88390}> (0x0000000624c88390) 
thrown [s\open\src\hotspot\share\prims\jni.cpp, line 520]
Event: 136.337 Thread 0x0000028b2384b9d0 Exception <a 'java/lang/NoSuchMethodError'{0x0000000624d2fd78}: static [Ljava/lang/StackTraceElement;.<clinit>()V> (0x0000000624d2fd78) 
thrown [s\open\src\hotspot\share\prims\jni.cpp, line 1111]
Event: 140.213 Thread 0x0000028b238491b0 Exception <a 'java/lang/NoSuchMethodError'{0x0000000621fee6e8}: 'java.lang.Object java.lang.invoke.DirectMethodHandle$Holder.newInvokeSpecial(java.lang.Object, java.lang.Object, java.lang.Object, java.lang.Object, java.lang.Object, java.lang.Object, java.lang.Object, java.lang.Object, java.lang.Object, java.lang.Object, java.lang.Object, java.lang.Object, java.lang.Object, java.lang.Object)'> (0x0000000621fee6e8) 
thrown [s\open\src\hotspot\share\interpreter\linkResolver.cpp, line 773]
Event: 140.389 Thread 0x0000028b238491b0 Exception <a 'java/lang/NoSuchMethodError'{0x00000006219186c8}: 'java.lang.Object java.lang.invoke.DirectMethodHandle$Holder.newInvokeSpecial(java.lang.Object, java.lang.Object, java.lang.Object, java.lang.Object, java.lang.Object, java.lang.Object, java.lang.Object, java.lang.Object, java.lang.Object, java.lang.Object, java.lang.Object, java.lang.Object, java.lang.Object, java.lang.Object, java.lang.Object, java.lang.Object, java.lang.Object, java.lang.Object, java.lang.Object, java.lang.Object, java.lang
Event: 140.793 Thread 0x0000028b238491b0 Exception <a 'java/lang/NoSuchMethodError'{0x0000000621b04530}: 'java.lang.Object java.lang.invoke.DirectMethodHandle$Holder.newInvokeSpecial(java.lang.Object, java.lang.Object, java.lang.Object, java.lang.Object, java.lang.Object, java.lang.Object, java.lang.Object, java.lang.Object, java.lang.Object, java.lang.Object, java.lang.Object, java.lang.Object, java.lang.Object, java.lang.Object, java.lang.Object, java.lang.Object, java.lang.Object, java.lang.Object, java.lang.Object, java.lang.Object)'> (0x0000
Event: 140.793 Thread 0x0000028b238491b0 Exception <a 'java/lang/NoSuchMethodError'{0x0000000621b0c410}: 'java.lang.Object java.lang.invoke.DirectMethodHandle$Holder.invokeSpecial(java.lang.Object, java.lang.Object, java.lang.Object, java.lang.Object, java.lang.Object, java.lang.Object, java.lang.Object, java.lang.Object, java.lang.Object, java.lang.Object, java.lang.Object, java.lang.Object, java.lang.Object, java.lang.Object, java.lang.Object, java.lang.Object, java.lang.Object, java.lang.Object, java.lang.Object, java.lang.Object, java.lang.Ob
Event: 140.794 Thread 0x0000028b238491b0 Exception <a 'java/lang/NoSuchMethodError'{0x0000000621b12e80}: 'java.lang.Object java.lang.invoke.DelegatingMethodHandle$Holder.reinvoke_L(java.lang.Object, java.lang.Object, java.lang.Object, java.lang.Object, java.lang.Object, java.lang.Object, java.lang.Object, java.lang.Object, java.lang.Object, java.lang.Object, java.lang.Object, java.lang.Object, java.lang.Object, java.lang.Object, java.lang.Object, java.lang.Object, java.lang.Object, java.lang.Object, java.lang.Object, java.lang.Object)'> (0x000000

ZGC Phase Switch (0 events):
No events

VM Operations (20 events):
Event: 120.397 Executing VM operation: RendezvousGCThreads
Event: 120.397 Executing VM operation: RendezvousGCThreads done
Event: 129.328 Executing VM operation: HandshakeAllThreads (Deoptimize)
Event: 129.328 Executing VM operation: HandshakeAllThreads (Deoptimize) done
Event: 130.328 Executing VM operation: Cleanup
Event: 135.329 Executing VM operation: Cleanup done
Event: 136.330 Executing VM operation: Cleanup
Event: 136.331 Executing VM operation: Cleanup done
Event: 137.331 Executing VM operation: Cleanup
Event: 137.332 Executing VM operation: Cleanup done
Event: 138.332 Executing VM operation: Cleanup
Event: 138.332 Executing VM operation: Cleanup done
Event: 140.332 Executing VM operation: Cleanup
Event: 140.335 Executing VM operation: Cleanup done
Event: 141.335 Executing VM operation: Cleanup
Event: 141.366 Executing VM operation: Cleanup done
Event: 142.366 Executing VM operation: Cleanup
Event: 142.384 Executing VM operation: Cleanup done
Event: 144.386 Executing VM operation: Cleanup
Event: 144.386 Executing VM operation: Cleanup done

Events (20 events):
Event: 106.859 Thread 0x0000028add57e7c0 flushing nmethod 0x0000028ab0d98090
Event: 106.859 Thread 0x0000028add57e7c0 flushing nmethod 0x0000028ab0f65710
Event: 106.859 Thread 0x0000028add57e7c0 flushing nmethod 0x0000028ab0f8bd90
Event: 106.859 Thread 0x0000028add57e7c0 flushing nmethod 0x0000028ab0f93310
Event: 106.859 Thread 0x0000028add57e7c0 flushing nmethod 0x0000028ab0fc9b90
Event: 106.859 Thread 0x0000028add57e7c0 flushing nmethod 0x0000028ab100db90
Event: 106.859 Thread 0x0000028add57e7c0 flushing nmethod 0x0000028ab10b2e90
Event: 106.859 Thread 0x0000028add57e7c0 flushing nmethod 0x0000028ab10b3410
Event: 106.859 Thread 0x0000028add57e7c0 flushing nmethod 0x0000028ab1105e10
Event: 106.859 Thread 0x0000028add57e7c0 flushing nmethod 0x0000028ab1180090
Event: 106.859 Thread 0x0000028add57e7c0 flushing nmethod 0x0000028ab1182290
Event: 106.859 Thread 0x0000028add57e7c0 flushing nmethod 0x0000028ab142fa10
Event: 106.859 Thread 0x0000028add57e7c0 flushing nmethod 0x0000028ab143f110
Event: 106.859 Thread 0x0000028add57e7c0 flushing nmethod 0x0000028ab1443e90
Event: 106.859 Thread 0x0000028add57e7c0 flushing nmethod 0x0000028ab17ace90
Event: 136.330 Thread 0x0000028b25bf44f0 Thread exited: 0x0000028b25bf44f0
Event: 136.348 Thread 0x0000028b2a24d220 Thread added: 0x0000028b2a24d220
Event: 137.090 Thread 0x0000028b2a24d220 Thread exited: 0x0000028b2a24d220
Event: 138.751 Thread 0x0000028add5c09d0 Thread added: 0x0000028add5c09d0
Event: 138.888 Thread 0x0000028add5c09d0 Thread exited: 0x0000028add5c09d0


Dynamic libraries:
0x00007ff764440000 - 0x00007ff764450000 	N:\Windows Files\DevTools\java\bin\java.exe
0x00007ff8746e0000 - 0x00007ff874948000 	C:\Windows\SYSTEM32\ntdll.dll
0x00007ff8730d0000 - 0x00007ff873199000 	C:\Windows\System32\KERNEL32.DLL
0x00007ff8711f0000 - 0x00007ff8715e1000 	C:\Windows\System32\KERNELBASE.dll
0x00007ff8718a0000 - 0x00007ff8719eb000 	C:\Windows\System32\ucrtbase.dll
0x00007ff85c450000 - 0x00007ff85c46b000 	N:\Windows Files\DevTools\java\bin\VCRUNTIME140.dll
0x00007ff85c470000 - 0x00007ff85c489000 	N:\Windows Files\DevTools\java\bin\jli.dll
0x00007ff8724c0000 - 0x00007ff872574000 	C:\Windows\System32\ADVAPI32.dll
0x00007ff873020000 - 0x00007ff8730c9000 	C:\Windows\System32\msvcrt.dll
0x00007ff8739e0000 - 0x00007ff873a86000 	C:\Windows\System32\sechost.dll
0x00007ff874500000 - 0x00007ff874618000 	C:\Windows\System32\RPCRT4.dll
0x00007ff873700000 - 0x00007ff8738c6000 	C:\Windows\System32\USER32.dll
0x00007ff8711c0000 - 0x00007ff8711e7000 	C:\Windows\System32\win32u.dll
0x00007ff872e90000 - 0x00007ff872ebb000 	C:\Windows\System32\GDI32.dll
0x00007ff852800000 - 0x00007ff852a93000 	C:\Windows\WinSxS\amd64_microsoft.windows.common-controls_6595b64144ccf1df_6.0.26100.7824_none_3e0870b2e3345462\COMCTL32.dll
0x00007ff8715f0000 - 0x00007ff87171b000 	C:\Windows\System32\gdi32full.dll
0x00007ff871050000 - 0x00007ff8710f3000 	C:\Windows\System32\msvcp_win.dll
0x00007ff868eb0000 - 0x00007ff868ebb000 	C:\Windows\SYSTEM32\VERSION.dll
0x00007ff872480000 - 0x00007ff8724b1000 	C:\Windows\System32\IMM32.DLL
0x00007ff852630000 - 0x00007ff85263c000 	N:\Windows Files\DevTools\java\bin\vcruntime140_1.dll
0x00007ffff5680000 - 0x00007ffff570e000 	N:\Windows Files\DevTools\java\bin\msvcp140.dll
0x00007fffcbe00000 - 0x00007fffccb1d000 	N:\Windows Files\DevTools\java\bin\server\jvm.dll
0x00007ff872ec0000 - 0x00007ff872f34000 	C:\Windows\System32\WS2_32.dll
0x00007ff86fbd0000 - 0x00007ff86fc2e000 	C:\Windows\SYSTEM32\POWRPROF.dll
0x00007ff862920000 - 0x00007ff862955000 	C:\Windows\SYSTEM32\WINMM.dll
0x00007ff86fbb0000 - 0x00007ff86fbc4000 	C:\Windows\SYSTEM32\UMPDC.dll
0x00007ff86fe80000 - 0x00007ff86fe9b000 	C:\Windows\SYSTEM32\kernel.appcore.dll
0x00007ff85c550000 - 0x00007ff85c55a000 	N:\Windows Files\DevTools\java\bin\jimage.dll
0x00007ff86ee60000 - 0x00007ff86f0a2000 	C:\Windows\SYSTEM32\DBGHELP.DLL
0x00007ff873370000 - 0x00007ff8736f6000 	C:\Windows\System32\combase.dll
0x00007ff872f40000 - 0x00007ff873017000 	C:\Windows\System32\OLEAUT32.dll
0x00007ff84d7a0000 - 0x00007ff84d7db000 	C:\Windows\SYSTEM32\dbgcore.DLL
0x00007ff871b60000 - 0x00007ff871c05000 	C:\Windows\System32\bcryptPrimitives.dll
0x00007ff842930000 - 0x00007ff84293f000 	N:\Windows Files\DevTools\java\bin\instrument.dll
0x00007ff85c530000 - 0x00007ff85c54f000 	N:\Windows Files\DevTools\java\bin\java.dll
0x00007ff873a90000 - 0x00007ff8741e2000 	C:\Windows\System32\SHELL32.dll
0x00007ff8719f0000 - 0x00007ff871b5a000 	C:\Windows\System32\wintypes.dll
0x00007ff871c10000 - 0x00007ff872473000 	C:\Windows\System32\windows.storage.dll
0x00007ff872720000 - 0x00007ff872816000 	C:\Windows\System32\SHCORE.dll
0x00007ff8728d0000 - 0x00007ff872937000 	C:\Windows\System32\shlwapi.dll
0x00007ff870ee0000 - 0x00007ff870f09000 	C:\Windows\SYSTEM32\profapi.dll
0x00007ff8277d0000 - 0x00007ff8278a7000 	N:\Windows Files\DevTools\java\bin\jsvml.dll
0x00007ff85c4e0000 - 0x00007ff85c4f8000 	N:\Windows Files\DevTools\java\bin\zip.dll
0x00007ff85c520000 - 0x00007ff85c530000 	N:\Windows Files\DevTools\java\bin\net.dll
0x00007ff86a0b0000 - 0x00007ff86a1d7000 	C:\Windows\SYSTEM32\WINHTTP.dll
0x00007ff8703f0000 - 0x00007ff87045b000 	C:\Windows\system32\mswsock.dll
0x00007ff85c500000 - 0x00007ff85c516000 	N:\Windows Files\DevTools\java\bin\nio.dll
0x00007ff85c4a0000 - 0x00007ff85c4b0000 	N:\Windows Files\DevTools\java\bin\verify.dll
0x00007ff83e040000 - 0x00007ff83e067000 	C:\Users\nibin\.gradle\native\1def1411415f61bf3af743bc5b6707747c0891f09f0c88961ee8f79bc544acac\windows-amd64\native-platform.dll
0x000000006c5d0000 - 0x000000006c643000 	C:\Users\nibin\.gradle\native\0.2.5\x86_64-windows-gnu\gradle-fileevents.dll
0x00007ff843bd0000 - 0x00007ff843bda000 	N:\Windows Files\DevTools\java\bin\management.dll
0x00007ff842f80000 - 0x00007ff842f8b000 	N:\Windows Files\DevTools\java\bin\management_ext.dll
0x00007ff8738d0000 - 0x00007ff8738d8000 	C:\Windows\System32\PSAPI.DLL
0x00007ff8706d0000 - 0x00007ff8706eb000 	C:\Windows\SYSTEM32\CRYPTSP.dll
0x00007ff86fde0000 - 0x00007ff86fe19000 	C:\Windows\system32\rsaenh.dll
0x00007ff8704a0000 - 0x00007ff8704cb000 	C:\Windows\SYSTEM32\USERENV.dll
0x00007ff870eb0000 - 0x00007ff870eda000 	C:\Windows\SYSTEM32\bcrypt.dll
0x00007ff8706c0000 - 0x00007ff8706cc000 	C:\Windows\SYSTEM32\CRYPTBASE.dll
0x00007ff86f8a0000 - 0x00007ff86f8d4000 	C:\Windows\SYSTEM32\IPHLPAPI.DLL
0x00007ff8728c0000 - 0x00007ff8728ca000 	C:\Windows\System32\NSI.dll
0x00007ff84ba80000 - 0x00007ff84ba89000 	N:\Windows Files\DevTools\java\bin\extnet.dll
0x00007ff84e710000 - 0x00007ff84e71e000 	N:\Windows Files\DevTools\java\bin\sunmscapi.dll
0x00007ff871720000 - 0x00007ff871897000 	C:\Windows\System32\CRYPT32.dll
0x00007ff8708e0000 - 0x00007ff870910000 	C:\Windows\SYSTEM32\ncrypt.dll
0x00007ff870890000 - 0x00007ff8708cf000 	C:\Windows\SYSTEM32\NTASN1.dll
0x00007ff84fad0000 - 0x00007ff84fad8000 	C:\Windows\system32\wshunix.dll
0x000000006c4d0000 - 0x000000006c543000 	C:\Users\nibin\AppData\Local\Temp\native-platform2732922019324410540dir\gradle-fileevents.dll
0x00007ff843950000 - 0x00007ff843968000 	C:\Windows\system32\napinsp.dll
0x00007ff86f8e0000 - 0x00007ff86fa0c000 	C:\Windows\SYSTEM32\DNSAPI.dll
0x00007ff843930000 - 0x00007ff843942000 	C:\Windows\System32\winrnr.dll
0x00007ff841600000 - 0x00007ff841622000 	C:\Windows\system32\nlansp_c.dll
0x00007ff869080000 - 0x00007ff869096000 	C:\Windows\system32\wshbth.dll
0x00007ff8692c0000 - 0x00007ff8692cb000 	C:\Windows\System32\rasadhlp.dll
0x00007ff86aa60000 - 0x00007ff86aae6000 	C:\Windows\System32\fwpuclnt.dll
0x00007ff842920000 - 0x00007ff842927000 	N:\Windows Files\DevTools\java\bin\rmi.dll

dbghelp: loaded successfully - version: 4.0.5 - missing functions: none
symbol engine: initialized successfully - sym options: 0x614 - pdb path: .;N:\Windows Files\DevTools\java\bin;C:\Windows\SYSTEM32;C:\Windows\WinSxS\amd64_microsoft.windows.common-controls_6595b64144ccf1df_6.0.26100.7824_none_3e0870b2e3345462;N:\Windows Files\DevTools\java\bin\server;C:\Users\nibin\.gradle\native\1def1411415f61bf3af743bc5b6707747c0891f09f0c88961ee8f79bc544acac\windows-amd64;C:\Users\nibin\.gradle\native\0.2.5\x86_64-windows-gnu;C:\Users\nibin\AppData\Local\Temp\native-platform2732922019324410540dir

VM Arguments:
jvm_args: --add-opens=java.base/java.lang=ALL-UNNAMED --add-opens=java.base/java.lang.invoke=ALL-UNNAMED --add-opens=java.base/java.util=ALL-UNNAMED --add-opens=java.prefs/java.util.prefs=ALL-UNNAMED --add-exports=jdk.compiler/com.sun.tools.javac.api=ALL-UNNAMED --add-exports=jdk.compiler/com.sun.tools.javac.util=ALL-UNNAMED --add-opens=java.base/java.util=ALL-UNNAMED --add-opens=java.prefs/java.util.prefs=ALL-UNNAMED --add-opens=java.base/java.nio.charset=ALL-UNNAMED --add-opens=java.base/java.net=ALL-UNNAMED --add-opens=java.base/java.util.concurrent.atomic=ALL-UNNAMED --add-opens=java.xml/javax.xml.namespace=ALL-UNNAMED -XX:MaxMetaspaceSize=4G -XX:ReservedCodeCacheSize=512m -XX:+HeapDumpOnOutOfMemoryError -Xmx8G -Dfile.encoding=UTF-8 -Duser.country=US -Duser.language=en -Duser.variant -javaagent:C:\Users\nibin\.gradle\wrapper\dists\gradle-8.12-all\ejduaidbjup3bmmkhw3rie4zb\gradle-8.12\lib\agents\gradle-instrumentation-agent-8.12.jar 
java_command: org.gradle.launcher.daemon.bootstrap.GradleDaemon 8.12
java_class_path (initial): C:\Users\nibin\.gradle\wrapper\dists\gradle-8.12-all\ejduaidbjup3bmmkhw3rie4zb\gradle-8.12\lib\gradle-daemon-main-8.12.jar
Launcher Type: SUN_STANDARD

[Global flags]
     intx CICompilerCount                          = 4                                         {product} {ergonomic}
     uint ConcGCThreads                            = 3                                         {product} {ergonomic}
     uint G1ConcRefinementThreads                  = 10                                        {product} {ergonomic}
   size_t G1HeapRegionSize                         = 4194304                                   {product} {ergonomic}
    uintx GCDrainStackTargetSize                   = 64                                        {product} {ergonomic}
     bool HeapDumpOnOutOfMemoryError               = true                                   {manageable} {command line}
   size_t InitialHeapSize                          = 130023424                                 {product} {ergonomic}
   size_t MarkStackSize                            = 4194304                                   {product} {ergonomic}
   size_t MaxHeapSize                              = 8589934592                                {product} {command line}
   size_t MaxMetaspaceSize                         = 4294967296                                {product} {command line}
   size_t MaxNewSize                               = 5150605312                                {product} {ergonomic}
   size_t MinHeapDeltaBytes                        = 4194304                                   {product} {ergonomic}
   size_t MinHeapSize                              = 8388608                                   {product} {ergonomic}
    uintx NonNMethodCodeHeapSize                   = 5839372                                {pd product} {ergonomic}
    uintx NonProfiledCodeHeapSize                  = 265515770                              {pd product} {ergonomic}
    uintx ProfiledCodeHeapSize                     = 265515770                              {pd product} {ergonomic}
    uintx ReservedCodeCacheSize                    = 536870912                              {pd product} {command line}
     bool SegmentedCodeCache                       = true                                      {product} {ergonomic}
   size_t SoftMaxHeapSize                          = 8589934592                             {manageable} {ergonomic}
     bool UseCompressedOops                        = true                           {product lp64_product} {ergonomic}
     bool UseG1GC                                  = true                                      {product} {ergonomic}
     bool UseLargePagesIndividualAllocation        = false                                  {pd product} {ergonomic}

Logging:
Log output configuration:
 #0: stdout all=warning uptime,level,tags foldmultilines=false
 #1: stderr all=off uptime,level,tags foldmultilines=false

Environment Variables:
JAVA_HOME=N:\Windows Files\DevTools\java
PATH=C:\Python314\Scripts\;C:\Python314\;C:\Windows\system32;C:\Windows;C:\Windows\System32\Wbem;C:\Windows\System32\WindowsPowerShell\v1.0\;C:\Windows\System32\OpenSSH\;N:\Windows Files\DevTools\Git\cmd;C:\Flutter\bin;N:\Windows Files\DevTools\apache-maven-3.9.12\bin;C:\Users\nibin\AppData\Local\Android\Sdk;N:\Windows Files\DevTools\java\bin;C:\Program Files\Eclipse Adoptium\jdk-17.0.17.10-hotspot\bin;C:\Program Files\Common Files\Oracle\Java\javapath;N:\Windows Files\DevTools\PostGres\bin;C:\Users\nibin\AppData\Local\Android\Sdk\platform-tools;N:\Windows Files\DevTools\CMake\bin;N:\Windows Files\DevTools\node\;C:\ProgramData\chocolatey\bin;C:\Program Files\Cloudflare\Cloudflare WARP\;N:\Windows Files\DevTools\GoLang\bin;C:\Program Files\MySQL\MySQL Server 8.0\bin;;C:\Program Files\Docker\Docker\resources\bin;C:\Users\nibin\AppData\Local\Microsoft\WindowsApps;N:\Windows Files\DevTools\Antigravity\bin;N:\Windows Files\DevTools\Microsoft VS Code\bin;N:\Windows Files\DevTools\IntelliJ IDEA\IntelliJ IDEA 2025.3.1\bin;C:\Users\nibin\AppData\Roaming\npm;C:\Users\nibin\go\bin
USERNAME=nibin
OS=Windows_NT
PROCESSOR_IDENTIFIER=Intel64 Family 6 Model 141 Stepping 1, GenuineIntel
TMP=C:\Users\nibin\AppData\Local\Temp
TEMP=C:\Users\nibin\AppData\Local\Temp




Periodic native trim disabled

---------------  S Y S T E M  ---------------

OS:
 Windows 11 , 64 bit Build 26100 (10.0.26100.7705)
OS uptime: 0 days 3:10 hours
Hyper-V role detected

CPU: total 12 (initial active 12) (6 cores per cpu, 2 threads per core) family 6 model 141 stepping 1 microcode 0x50, cx8, cmov, fxsr, ht, mmx, 3dnowpref, sse, sse2, sse3, ssse3, sse4.1, sse4.2, popcnt, lzcnt, tsc, tscinvbit, avx, avx2, aes, erms, clmul, bmi1, bmi2, adx, avx512f, avx512dq, avx512cd, avx512bw, avx512vl, sha, fma, vzeroupper, avx512_vpopcntdq, avx512_vpclmulqdq, avx512_vaes, avx512_vnni, clflush, clflushopt, clwb, avx512_vbmi2, avx512_vbmi, hv, rdtscp, rdpid, fsrm, gfni, avx512_bitalg, f16c, cet_ibt, cet_ss, avx512_ifma
Processor Information for all 12 processors :
  Max Mhz: 2688, Current Mhz: 2688, Mhz Limit: 2688

Memory: 4k page, system-wide physical 7913M (898M free)
TotalPageFile size 32489M (AvailPageFile size 1M)
current process WorkingSet (physical memory assigned to process): 326M, peak: 328M
current process commit charge ("private bytes"): 1034M, peak: 1039M

vm_info: Java HotSpot(TM) 64-Bit Server VM (21.0.9+7-LTS-338) for windows-amd64 JRE (21.0.9+7-LTS-338), built on 2025-09-26T06:33:49Z by "mach5run" with MS VC++ 17.6 (VS2022)

END.
